{"accuracy": [[0.54, 0.5, 0.68, 0.56, 0.54], [0.56, 0.59, 0.52, 0.55, 0.53], [0.6066666666666667, 0.5133333333333333, 0.5533333333333333, 0.6533333333333333, 0.54], [0.58, 0.595, 0.63, 0.555, 0.54]], "balanced_accuracy": [[0.54, 0.5, 0.68, 0.56, 0.54], [0.56, 0.5900000000000001, 0.52, 0.55, 0.53], [0.6066666666666667, 0.5133333333333334, 0.5533333333333333, 0.6533333333333333, 0.54], [0.5800000000000001, 0.595, 0.63, 0.5549999999999999, 0.54]], "recall": [[0.52, 0.44, 0.68, 0.68, 0.48], [0.52, 0.62, 0.44, 0.5, 0.62], [0.6933333333333334, 0.4666666666666667, 0.5066666666666667, 0.6666666666666666, 0.5333333333333333], [0.63, 0.5, 0.63, 0.58, 0.62]], "precision": [[0.5416666666666666, 0.5, 0.68, 0.5483870967741935, 0.5454545454545454], [0.5652173913043478, 0.5849056603773585, 0.5238095238095238, 0.5555555555555556, 0.5254237288135594], [0.5909090909090909, 0.5147058823529411, 0.5588235294117647, 0.6493506493506493, 0.5405405405405406], [0.5727272727272728, 0.6172839506172839, 0.63, 0.5523809523809524, 0.5344827586206896]], "specificity": [[0.56, 0.56, 0.68, 0.44, 0.6], [0.6, 0.56, 0.6, 0.6, 0.44], [0.52, 0.56, 0.6, 0.64, 0.5466666666666666], [0.53, 0.69, 0.63, 0.53, 0.46]], "NPV": [[0.5384615384615384, 0.5, 0.68, 0.5789473684210527, 0.5357142857142857], [0.5555555555555556, 0.5957446808510638, 0.5172413793103449, 0.5454545454545454, 0.5365853658536586], [0.6290322580645161, 0.5121951219512195, 0.5487804878048781, 0.6575342465753424, 0.5394736842105263], [0.5888888888888889, 0.5798319327731093, 0.63, 0.5578947368421052, 0.5476190476190477]], "F1_score": [[0.5306122448979592, 0.46808510638297873, 0.68, 0.6071428571428571, 0.5106382978723404], [0.5416666666666667, 0.6019417475728155, 0.4782608695652174, 0.5263157894736842, 0.5688073394495413], [0.638036809815951, 0.4895104895104895, 0.5314685314685315, 0.6578947368421053, 0.5369127516778522], [0.6000000000000001, 0.5524861878453038, 0.63, 0.5658536585365854, 0.574074074074074]], "AUC": [[0.49600000000000005, 0.56, 0.6848000000000001, 0.6128, 0.5216], [0.6124, 0.6252000000000001, 0.5196000000000001, 0.5796, 0.6167999999999999], [0.6469333333333334, 0.5824, 0.5813333333333334, 0.6853333333333333, 0.5363555555555555], [0.6276, 0.6428, 0.6837, 0.5728000000000001, 0.5948]]}