{"accuracy": [[0.4, 0.54, 0.7, 0.64, 0.68], [0.62, 0.56, 0.62, 0.62, 0.65], [0.6333333333333333, 0.5866666666666667, 0.5666666666666667, 0.62, 0.5733333333333334], [0.6, 0.595, 0.625, 0.6, 0.57]], "balanced_accuracy": [[0.4, 0.54, 0.7, 0.64, 0.6799999999999999], [0.62, 0.56, 0.62, 0.62, 0.6499999999999999], [0.6333333333333333, 0.5866666666666667, 0.5666666666666667, 0.62, 0.5733333333333334], [0.6000000000000001, 0.595, 0.625, 0.6, 0.5700000000000001]], "recall": [[0.36, 0.48, 0.68, 0.6, 0.6], [0.62, 0.66, 0.54, 0.52, 0.7], [0.7066666666666667, 0.5733333333333334, 0.49333333333333335, 0.6133333333333333, 0.5866666666666667], [0.64, 0.54, 0.61, 0.61, 0.67]], "precision": [[0.391304347826087, 0.5454545454545454, 0.7083333333333334, 0.6521739130434783, 0.7142857142857143], [0.62, 0.55, 0.6428571428571429, 0.65, 0.6363636363636364], [0.6162790697674418, 0.589041095890411, 0.578125, 0.6216216216216216, 0.5714285714285714], [0.5925925925925926, 0.6067415730337079, 0.6288659793814433, 0.5980392156862745, 0.5583333333333333]], "specificity": [[0.44, 0.6, 0.72, 0.68, 0.76], [0.62, 0.46, 0.7, 0.72, 0.6], [0.56, 0.6, 0.64, 0.6266666666666667, 0.56], [0.56, 0.65, 0.64, 0.59, 0.47]], "NPV": [[0.4074074074074074, 0.5357142857142857, 0.6923076923076923, 0.6296296296296297, 0.6551724137931034], [0.62, 0.575, 0.603448275862069, 0.6, 0.6666666666666666], [0.65625, 0.5844155844155844, 0.5581395348837209, 0.618421052631579, 0.5753424657534246], [0.6086956521739131, 0.5855855855855856, 0.6213592233009708, 0.6020408163265306, 0.5875]], "F1_score": [[0.37499999999999994, 0.5106382978723404, 0.6938775510204083, 0.6250000000000001, 0.6521739130434783], [0.62, 0.6000000000000001, 0.5869565217391305, 0.5777777777777778, 0.6666666666666666], [0.6583850931677019, 0.5810810810810811, 0.5323741007194245, 0.6174496644295302, 0.5789473684210527], [0.6153846153846153, 0.5714285714285714, 0.6192893401015229, 0.6039603960396039, 0.6090909090909091]], "AUC": [[0.5327999999999999, 0.616, 0.7232, 0.7072, 0.6991999999999999], [0.6699999999999999, 0.6244000000000001, 0.66, 0.664, 0.7215999999999999], [0.6903111111111111, 0.6545777777777778, 0.6453333333333333, 0.6979555555555556, 0.6007111111111112], [0.6653, 0.6653, 0.7017, 0.6105, 0.6154999999999999]]}