{"accuracy": [[0.54, 0.52, 0.64, 0.72, 0.58], [0.58, 0.67, 0.58, 0.61, 0.64], [0.5666666666666667, 0.62, 0.6133333333333333, 0.5333333333333333, 0.5133333333333333], [0.57, 0.55, 0.605, 0.555, 0.58]], "balanced_accuracy": [[0.54, 0.52, 0.64, 0.72, 0.5800000000000001], [0.5800000000000001, 0.67, 0.5800000000000001, 0.61, 0.64], [0.5666666666666667, 0.62, 0.6133333333333333, 0.5333333333333333, 0.5133333333333333], [0.57, 0.55, 0.605, 0.5549999999999999, 0.58]], "recall": [[0.56, 0.48, 0.6, 0.68, 0.56], [0.6, 0.66, 0.62, 0.64, 0.6], [0.6133333333333333, 0.6133333333333333, 0.49333333333333335, 0.52, 0.49333333333333335], [0.57, 0.58, 0.48, 0.4, 0.58]], "precision": [[0.5384615384615384, 0.5217391304347826, 0.6521739130434783, 0.7391304347826086, 0.5833333333333334], [0.5769230769230769, 0.673469387755102, 0.5740740740740741, 0.6037735849056604, 0.6521739130434783], [0.5609756097560976, 0.6216216216216216, 0.6491228070175439, 0.5342465753424658, 0.5138888888888888], [0.57, 0.5471698113207547, 0.64, 0.5797101449275363, 0.58]], "specificity": [[0.52, 0.56, 0.68, 0.76, 0.6], [0.56, 0.68, 0.54, 0.58, 0.68], [0.52, 0.6266666666666667, 0.7333333333333333, 0.5466666666666666, 0.5333333333333333], [0.57, 0.52, 0.73, 0.71, 0.58]], "NPV": [[0.5416666666666666, 0.5185185185185185, 0.6296296296296297, 0.7037037037037037, 0.5769230769230769], [0.5833333333333334, 0.6666666666666666, 0.5869565217391305, 0.6170212765957447, 0.6296296296296297], [0.5735294117647058, 0.618421052631579, 0.5913978494623656, 0.5324675324675324, 0.5128205128205128], [0.57, 0.5531914893617021, 0.584, 0.5419847328244275, 0.58]], "F1_score": [[0.5490196078431373, 0.4999999999999999, 0.6250000000000001, 0.7083333333333334, 0.5714285714285714], [0.5882352941176471, 0.6666666666666666, 0.5961538461538461, 0.6213592233009708, 0.6250000000000001], [0.5859872611464968, 0.6174496644295302, 0.5606060606060606, 0.5270270270270272, 0.5034013605442176], [0.57, 0.5631067961165048, 0.5485714285714285, 0.4733727810650888, 0.58]], "AUC": [[0.6192, 0.6416, 0.696, 0.7248, 0.5728], [0.6464, 0.7268, 0.6476000000000001, 0.6676000000000001, 0.6411999999999999], [0.6277333333333334, 0.6638222222222223, 0.6639999999999999, 0.5683555555555555, 0.5194666666666666], [0.5795, 0.5909000000000001, 0.6561, 0.5535, 0.6285000000000001]]}