{"accuracy": [0.6216216216216216, 0.668918918918919, 0.668918918918919, 0.6148648648648649, 0.6216216216216216, 0.6621621621621622, 0.7297297297297297, 0.581081081081081, 0.6283783783783784, 0.6013513513513513], "balanced_accuracy": [0.54921875, 0.63984375, 0.703125, 0.5875, 0.63359375, 0.65703125, 0.8015625, 0.63125, 0.6375, 0.5796875], "recall": [0.6484375, 0.6796875, 0.65625, 0.625, 0.6171875, 0.6640625, 0.703125, 0.5625, 0.625, 0.609375], "precision": [0.8829787234042553, 0.9157894736842105, 0.9438202247191011, 0.898876404494382, 0.9186046511627907, 0.9239130434782609, 0.9782608695652174, 0.9230769230769231, 0.9195402298850575, 0.896551724137931], "specificity": [0.45, 0.6, 0.75, 0.55, 0.65, 0.65, 0.9, 0.7, 0.65, 0.55], "NPV": [0.16666666666666666, 0.22641509433962265, 0.2542372881355932, 0.1864406779661017, 0.20967741935483872, 0.23214285714285715, 0.32142857142857145, 0.2, 0.21311475409836064, 0.18032786885245902], "F1_score": [0.7477477477477479, 0.7802690582959642, 0.7741935483870968, 0.7373271889400922, 0.7383177570093459, 0.7727272727272728, 0.8181818181818182, 0.6990291262135923, 0.7441860465116279, 0.7255813953488371], "AUC": [0.66015625, 0.663671875, 0.7460937500000001, 0.603515625, 0.716015625, 0.6800781250000001, 0.869140625, 0.6875, 0.70703125, 0.641796875]}