{"accuracy": [0.668918918918919, 0.7094594594594594, 0.6486486486486487, 0.668918918918919, 0.6554054054054054, 0.6554054054054054, 0.7094594594594594, 0.581081081081081, 0.6621621621621622, 0.5878378378378378], "balanced_accuracy": [0.63984375, 0.684375, 0.6703125, 0.68203125, 0.6953125, 0.6953125, 0.74765625, 0.65234375, 0.69921875, 0.59296875], "recall": [0.6796875, 0.71875, 0.640625, 0.6640625, 0.640625, 0.640625, 0.6953125, 0.5546875, 0.6484375, 0.5859375], "precision": [0.9157894736842105, 0.9292929292929293, 0.9318181818181818, 0.9340659340659341, 0.9425287356321839, 0.9425287356321839, 0.956989247311828, 0.9342105263157895, 0.9431818181818182, 0.9036144578313253], "specificity": [0.6, 0.65, 0.7, 0.7, 0.75, 0.75, 0.8, 0.75, 0.75, 0.6], "NPV": [0.22641509433962265, 0.2653061224489796, 0.23333333333333334, 0.24561403508771928, 0.2459016393442623, 0.2459016393442623, 0.2909090909090909, 0.20833333333333334, 0.25, 0.18461538461538463], "F1_score": [0.7802690582959642, 0.8105726872246696, 0.7592592592592593, 0.776255707762557, 0.7627906976744185, 0.7627906976744185, 0.8054298642533937, 0.6960784313725491, 0.7685185185185184, 0.7109004739336492], "AUC": [0.7214843750000001, 0.7292968750000001, 0.765625, 0.64296875, 0.7765625, 0.6832031249999999, 0.86875, 0.7171875, 0.780078125, 0.665625]}