{"accuracy": [[0.54, 0.64, 0.64, 0.78, 0.62], [0.64, 0.66, 0.67, 0.66, 0.67], [0.6866666666666666, 0.7266666666666667, 0.7533333333333333, 0.7333333333333333, 0.7133333333333334], [0.695, 0.68, 0.71, 0.69, 0.695]], "balanced_accuracy": [[0.54, 0.64, 0.64, 0.78, 0.62], [0.64, 0.6599999999999999, 0.67, 0.6599999999999999, 0.67], [0.6866666666666668, 0.7266666666666666, 0.7533333333333333, 0.7333333333333334, 0.7133333333333334], [0.6950000000000001, 0.6799999999999999, 0.71, 0.69, 0.6950000000000001]], "recall": [[0.52, 0.6, 0.48, 0.84, 0.64], [0.62, 0.62, 0.78, 0.6, 0.54], [0.6933333333333334, 0.7866666666666666, 0.7333333333333333, 0.7733333333333333, 0.8], [0.67, 0.72, 0.74, 0.72, 0.75]], "precision": [[0.5416666666666666, 0.6521739130434783, 0.7058823529411765, 0.75, 0.6153846153846154], [0.6458333333333334, 0.6739130434782609, 0.639344262295082, 0.6818181818181818, 0.7297297297297297], [0.6842105263157895, 0.7023809523809523, 0.7638888888888888, 0.7160493827160493, 0.6818181818181818], [0.7052631578947368, 0.6666666666666666, 0.6981132075471698, 0.6792452830188679, 0.6756756756756757]], "specificity": [[0.56, 0.68, 0.8, 0.72, 0.6], [0.66, 0.7, 0.56, 0.72, 0.8], [0.68, 0.6666666666666666, 0.7733333333333333, 0.6933333333333334, 0.6266666666666667], [0.72, 0.64, 0.68, 0.66, 0.64]], "NPV": [[0.5384615384615384, 0.6296296296296297, 0.6060606060606061, 0.8181818181818182, 0.625], [0.6346153846153846, 0.6481481481481481, 0.717948717948718, 0.6428571428571429, 0.6349206349206349], [0.6891891891891891, 0.7575757575757576, 0.7435897435897436, 0.7536231884057971, 0.7580645161290323], [0.6857142857142857, 0.6956521739130435, 0.723404255319149, 0.7021276595744681, 0.7191011235955056]], "F1_score": [[0.5306122448979592, 0.6250000000000001, 0.5714285714285713, 0.7924528301886793, 0.6274509803921569], [0.6326530612244898, 0.6458333333333334, 0.7027027027027027, 0.6382978723404256, 0.6206896551724138], [0.6887417218543047, 0.7421383647798742, 0.7482993197278911, 0.7435897435897435, 0.7361963190184048], [0.6871794871794872, 0.6923076923076923, 0.7184466019417476, 0.6990291262135921, 0.7109004739336493]], "AUC": [[0.608, 0.7343999999999999, 0.6464, 0.8288000000000001, 0.6607999999999999], [0.6744, 0.764, 0.7252000000000001, 0.7379999999999999, 0.7392], [0.7592888888888889, 0.7685333333333333, 0.7758222222222222, 0.7792, 0.7496888888888888], [0.7609000000000001, 0.7214, 0.783, 0.7423000000000001, 0.7398]]}