{"accuracy": [[0.42, 0.5, 0.6, 0.54, 0.52], [0.56, 0.56, 0.51, 0.56, 0.51], [0.52, 0.54, 0.5333333333333333, 0.5933333333333334, 0.54], [0.545, 0.545, 0.605, 0.52, 0.515]], "balanced_accuracy": [[0.42, 0.5, 0.6, 0.54, 0.52], [0.56, 0.56, 0.51, 0.56, 0.51], [0.52, 0.54, 0.5333333333333334, 0.5933333333333333, 0.54], [0.545, 0.545, 0.605, 0.52, 0.515]], "recall": [[0.36, 0.44, 0.6, 0.6, 0.48], [0.48, 0.5, 0.48, 0.58, 0.54], [0.5733333333333334, 0.44, 0.5066666666666667, 0.5866666666666667, 0.5333333333333333], [0.46, 0.44, 0.64, 0.53, 0.59]], "precision": [[0.4090909090909091, 0.5, 0.6, 0.5357142857142857, 0.5217391304347826], [0.5714285714285714, 0.5681818181818182, 0.5106382978723404, 0.5576923076923077, 0.5094339622641509], [0.5180722891566265, 0.55, 0.5352112676056338, 0.5945945945945946, 0.5405405405405406], [0.5542168674698795, 0.5569620253164557, 0.5981308411214953, 0.5196078431372549, 0.5130434782608696]], "specificity": [[0.48, 0.56, 0.6, 0.48, 0.56], [0.64, 0.62, 0.54, 0.54, 0.48], [0.4666666666666667, 0.64, 0.56, 0.6, 0.5466666666666666], [0.63, 0.65, 0.57, 0.51, 0.44]], "NPV": [[0.42857142857142855, 0.5, 0.6, 0.5454545454545454, 0.5185185185185185], [0.5517241379310345, 0.5535714285714286, 0.5094339622641509, 0.5625, 0.5106382978723404], [0.5223880597014925, 0.5333333333333333, 0.5316455696202531, 0.5921052631578947, 0.5394736842105263], [0.5384615384615384, 0.5371900826446281, 0.6129032258064516, 0.5204081632653061, 0.5176470588235295]], "F1_score": [[0.3829787234042554, 0.46808510638297873, 0.6, 0.5660377358490566, 0.4999999999999999], [0.5217391304347826, 0.5319148936170213, 0.49484536082474223, 0.5686274509803922, 0.5242718446601942], [0.5443037974683543, 0.48888888888888893, 0.5205479452054794, 0.5906040268456377, 0.5369127516778522], [0.5027322404371585, 0.49162011173184356, 0.6183574879227053, 0.5247524752475248, 0.5488372093023256]], "AUC": [[0.4208, 0.5519999999999999, 0.6288, 0.5519999999999999, 0.5232], [0.5892, 0.5756, 0.48960000000000004, 0.5652, 0.5256], [0.5914666666666666, 0.5464888888888889, 0.5251555555555556, 0.6204444444444446, 0.5189333333333332], [0.5835, 0.6096, 0.6396000000000001, 0.5201, 0.5383]]}