{"accuracy": [[0.56, 0.62, 0.7, 0.68, 0.6], [0.61, 0.59, 0.61, 0.68, 0.73], [0.6533333333333333, 0.66, 0.66, 0.5666666666666667, 0.6266666666666667], [0.655, 0.62, 0.695, 0.615, 0.645]], "balanced_accuracy": [[0.56, 0.62, 0.7, 0.6799999999999999, 0.6000000000000001], [0.61, 0.5900000000000001, 0.61, 0.6799999999999999, 0.73], [0.6533333333333333, 0.66, 0.6599999999999999, 0.5666666666666667, 0.6266666666666667], [0.655, 0.62, 0.6950000000000001, 0.615, 0.645]], "recall": [[0.64, 0.64, 0.76, 0.6, 0.64], [0.74, 0.66, 0.64, 0.6, 0.66], [0.6133333333333333, 0.6266666666666667, 0.5866666666666667, 0.6133333333333333, 0.6533333333333333], [0.67, 0.55, 0.71, 0.62, 0.71]], "precision": [[0.5517241379310345, 0.6153846153846154, 0.6785714285714286, 0.7142857142857143, 0.5925925925925926], [0.5873015873015873, 0.5789473684210527, 0.6037735849056604, 0.7142857142857143, 0.7674418604651163], [0.6666666666666666, 0.6714285714285714, 0.6875, 0.5609756097560976, 0.620253164556962], [0.6504854368932039, 0.6395348837209303, 0.6893203883495146, 0.6138613861386139, 0.6283185840707964]], "specificity": [[0.48, 0.6, 0.64, 0.76, 0.56], [0.48, 0.52, 0.58, 0.76, 0.8], [0.6933333333333334, 0.6933333333333334, 0.7333333333333333, 0.52, 0.6], [0.64, 0.69, 0.68, 0.61, 0.58]], "NPV": [[0.5714285714285714, 0.625, 0.7272727272727273, 0.6551724137931034, 0.6086956521739131], [0.6486486486486487, 0.6046511627906976, 0.6170212765957447, 0.6551724137931034, 0.7017543859649122], [0.6419753086419753, 0.65, 0.6395348837209303, 0.5735294117647058, 0.6338028169014085], [0.6597938144329897, 0.6052631578947368, 0.7010309278350515, 0.6161616161616161, 0.6666666666666666]], "F1_score": [[0.5925925925925927, 0.6274509803921569, 0.7169811320754718, 0.6521739130434783, 0.6153846153846153], [0.6548672566371682, 0.616822429906542, 0.6213592233009708, 0.6521739130434783, 0.7096774193548386], [0.638888888888889, 0.6482758620689655, 0.6330935251798561, 0.5859872611464968, 0.6363636363636364], [0.6600985221674877, 0.5913978494623656, 0.6995073891625615, 0.6169154228855721, 0.6666666666666667]], "AUC": [[0.608, 0.6224000000000001, 0.7736000000000001, 0.7296, 0.6688], [0.6396, 0.6332000000000001, 0.6668000000000001, 0.738, 0.7564000000000001], [0.671111111111111, 0.7171555555555555, 0.7208888888888888, 0.6805333333333333, 0.6752], [0.7073, 0.6854000000000001, 0.7141000000000001, 0.6285000000000001, 0.6769000000000001]]}