{"accuracy": [0.5945945945945946, 0.6486486486486487, 0.668918918918919, 0.5405405405405406, 0.5945945945945946, 0.6351351351351351, 0.668918918918919, 0.6418918918918919, 0.6351351351351351, 0.5945945945945946], "balanced_accuracy": [0.70234375, 0.7125, 0.68203125, 0.62890625, 0.70234375, 0.6203125, 0.7875, 0.75078125, 0.68359375, 0.6390625], "recall": [0.5546875, 0.625, 0.6640625, 0.5078125, 0.5546875, 0.640625, 0.625, 0.6015625, 0.6171875, 0.578125], "precision": [0.9594594594594594, 0.9523809523809523, 0.9340659340659341, 0.9285714285714286, 0.9594594594594594, 0.9111111111111111, 0.9876543209876543, 0.9746835443037974, 0.9404761904761905, 0.925], "specificity": [0.85, 0.8, 0.7, 0.75, 0.85, 0.6, 0.95, 0.9, 0.75, 0.7], "NPV": [0.22972972972972974, 0.25, 0.24561403508771928, 0.19230769230769232, 0.22972972972972974, 0.20689655172413793, 0.2835820895522388, 0.2608695652173913, 0.234375, 0.20588235294117646], "F1_score": [0.7029702970297029, 0.7547169811320755, 0.776255707762557, 0.6565656565656566, 0.7029702970297029, 0.7522935779816514, 0.7655502392344498, 0.7439613526570048, 0.7452830188679246, 0.7115384615384616], "AUC": [0.790234375, 0.723828125, 0.7125, 0.624609375, 0.7878906250000001, 0.683984375, 0.87578125, 0.775390625, 0.70234375, 0.6546875]}