{"accuracy": [[0.64, 0.6, 0.7, 0.76, 0.84], [0.68, 0.74, 0.61, 0.66, 0.73], [0.6866666666666666, 0.66, 0.6333333333333333, 0.6533333333333333, 0.64], [0.67, 0.66, 0.675, 0.645, 0.665]], "balanced_accuracy": [[0.64, 0.6000000000000001, 0.7, 0.76, 0.8400000000000001], [0.6799999999999999, 0.74, 0.61, 0.6599999999999999, 0.73], [0.6866666666666668, 0.6599999999999999, 0.6333333333333333, 0.6533333333333333, 0.64], [0.67, 0.66, 0.675, 0.645, 0.665]], "recall": [[0.64, 0.68, 0.72, 0.72, 0.92], [0.7, 0.74, 0.64, 0.58, 0.76], [0.68, 0.6, 0.52, 0.76, 0.76], [0.67, 0.68, 0.76, 0.77, 0.69]], "precision": [[0.64, 0.5862068965517241, 0.6923076923076923, 0.782608695652174, 0.7931034482758621], [0.6730769230769231, 0.74, 0.6037735849056604, 0.6904761904761905, 0.7169811320754716], [0.6891891891891891, 0.6818181818181818, 0.6724137931034483, 0.6263736263736264, 0.6129032258064516], [0.67, 0.6538461538461539, 0.6495726495726496, 0.616, 0.6571428571428571]], "specificity": [[0.64, 0.52, 0.68, 0.8, 0.76], [0.66, 0.74, 0.58, 0.74, 0.7], [0.6933333333333334, 0.72, 0.7466666666666667, 0.5466666666666666, 0.52], [0.67, 0.64, 0.59, 0.52, 0.64]], "NPV": [[0.64, 0.6190476190476191, 0.7083333333333334, 0.7407407407407407, 0.9047619047619048], [0.6875, 0.74, 0.6170212765957447, 0.6379310344827587, 0.7446808510638298], [0.6842105263157895, 0.6428571428571429, 0.6086956521739131, 0.6949152542372882, 0.6842105263157895], [0.67, 0.6666666666666666, 0.7108433734939759, 0.6933333333333334, 0.6736842105263158]], "F1_score": [[0.64, 0.6296296296296295, 0.7058823529411765, 0.7499999999999999, 0.851851851851852], [0.6862745098039216, 0.74, 0.6213592233009708, 0.6304347826086957, 0.7378640776699028], [0.6845637583892618, 0.6382978723404256, 0.5864661654135338, 0.6867469879518072, 0.6785714285714285], [0.67, 0.6666666666666666, 0.7004608294930875, 0.6844444444444444, 0.6731707317073171]], "AUC": [[0.6799999999999999, 0.6784, 0.7632, 0.7856, 0.8448], [0.6639999999999999, 0.7941999999999999, 0.7149999999999999, 0.7415999999999999, 0.7874], [0.7349333333333333, 0.7347555555555555, 0.7150222222222222, 0.6984888888888888, 0.7059555555555553], [0.755, 0.7056, 0.70515, 0.70525, 0.6782]]}