{"accuracy": [[0.52, 0.6, 0.58, 0.78, 0.6], [0.66, 0.73, 0.68, 0.63, 0.66], [0.62, 0.6666666666666666, 0.6933333333333334, 0.6466666666666666, 0.5733333333333334], [0.61, 0.595, 0.645, 0.57, 0.61]], "balanced_accuracy": [[0.52, 0.6000000000000001, 0.5800000000000001, 0.78, 0.6], [0.66, 0.73, 0.68, 0.63, 0.6599999999999999], [0.6200000000000001, 0.6666666666666666, 0.6933333333333334, 0.6466666666666667, 0.5733333333333333], [0.61, 0.595, 0.645, 0.5700000000000001, 0.6100000000000001]], "recall": [[0.52, 0.56, 0.52, 0.72, 0.72], [0.78, 0.74, 0.68, 0.6, 0.6], [0.56, 0.72, 0.6933333333333334, 0.6666666666666666, 0.6133333333333333], [0.6, 0.62, 0.62, 0.59, 0.55]], "precision": [[0.52, 0.6086956521739131, 0.5909090909090909, 0.8181818181818182, 0.5806451612903226], [0.6290322580645161, 0.7254901960784313, 0.68, 0.6382978723404256, 0.6818181818181818], [0.6363636363636364, 0.6506024096385542, 0.6933333333333334, 0.6410256410256411, 0.5679012345679012], [0.6122448979591837, 0.5904761904761905, 0.6526315789473685, 0.5673076923076923, 0.625]], "specificity": [[0.52, 0.64, 0.64, 0.84, 0.48], [0.54, 0.72, 0.68, 0.66, 0.72], [0.68, 0.6133333333333333, 0.6933333333333334, 0.6266666666666667, 0.5333333333333333], [0.62, 0.57, 0.67, 0.55, 0.67]], "NPV": [[0.52, 0.5925925925925926, 0.5714285714285714, 0.75, 0.631578947368421], [0.7105263157894737, 0.7346938775510204, 0.68, 0.6226415094339622, 0.6428571428571429], [0.6071428571428571, 0.6865671641791045, 0.6933333333333334, 0.6527777777777778, 0.5797101449275363], [0.6078431372549019, 0.6, 0.638095238095238, 0.5729166666666666, 0.5982142857142857]], "F1_score": [[0.52, 0.5833333333333334, 0.5531914893617023, 0.7659574468085107, 0.6428571428571428], [0.6964285714285714, 0.7326732673267328, 0.68, 0.6185567010309279, 0.6382978723404256], [0.5957446808510639, 0.6835443037974683, 0.6933333333333334, 0.6535947712418301, 0.5897435897435898], [0.6060606060606062, 0.6048780487804878, 0.635897435897436, 0.5784313725490196, 0.5851063829787234]], "AUC": [[0.6384000000000001, 0.6752, 0.6064, 0.824, 0.6255999999999999], [0.7011999999999999, 0.7908, 0.722, 0.6924000000000001, 0.7068], [0.6865777777777777, 0.7230222222222222, 0.7219555555555556, 0.6755555555555556, 0.5918222222222222], [0.6531, 0.6245, 0.7029, 0.5948, 0.6596000000000001]]}