{"accuracy": [[0.76, 0.76, 0.76, 0.76, 0.88], [0.71, 0.76, 0.67, 0.74, 0.74], [0.7066666666666667, 0.7, 0.74, 0.7066666666666667, 0.6733333333333333], [0.72, 0.69, 0.695, 0.705, 0.68]], "balanced_accuracy": [[0.76, 0.76, 0.76, 0.76, 0.88], [0.71, 0.76, 0.6699999999999999, 0.74, 0.74], [0.7066666666666667, 0.7, 0.74, 0.7066666666666667, 0.6733333333333333], [0.72, 0.69, 0.6950000000000001, 0.7050000000000001, 0.6799999999999999]], "recall": [[0.84, 0.68, 0.88, 0.76, 0.8], [0.76, 0.88, 0.74, 0.82, 0.74], [0.7733333333333333, 0.7733333333333333, 0.7733333333333333, 0.5733333333333334, 0.7733333333333333], [0.75, 0.79, 0.71, 0.67, 0.73]], "precision": [[0.7241379310344828, 0.8095238095238095, 0.7096774193548387, 0.76, 0.9523809523809523], [0.6909090909090909, 0.7096774193548387, 0.6491228070175439, 0.7068965517241379, 0.74], [0.6823529411764706, 0.6744186046511628, 0.725, 0.7818181818181819, 0.6444444444444445], [0.7075471698113207, 0.6583333333333333, 0.6893203883495146, 0.7204301075268817, 0.6636363636363637]], "specificity": [[0.68, 0.84, 0.64, 0.76, 0.96], [0.66, 0.64, 0.6, 0.66, 0.74], [0.64, 0.6266666666666667, 0.7066666666666667, 0.84, 0.5733333333333334], [0.69, 0.59, 0.68, 0.74, 0.63]], "NPV": [[0.8095238095238095, 0.7241379310344828, 0.8421052631578947, 0.76, 0.8275862068965517], [0.7333333333333333, 0.8421052631578947, 0.6976744186046512, 0.7857142857142857, 0.74], [0.7384615384615385, 0.734375, 0.7571428571428571, 0.6631578947368421, 0.7166666666666667], [0.7340425531914894, 0.7375, 0.7010309278350515, 0.6915887850467289, 0.7]], "F1_score": [[0.7777777777777777, 0.7391304347826089, 0.7857142857142856, 0.76, 0.8695652173913043], [0.7238095238095238, 0.7857142857142856, 0.6915887850467289, 0.7592592592592593, 0.74], [0.725, 0.7204968944099379, 0.7483870967741936, 0.6615384615384615, 0.7030303030303031], [0.7281553398058253, 0.7181818181818183, 0.6995073891625615, 0.6943005181347149, 0.6952380952380953]], "AUC": [[0.7408, 0.7664, 0.8064, 0.8048, 0.8815999999999999], [0.7203999999999999, 0.8016000000000001, 0.6896, 0.7315999999999999, 0.7704], [0.7397333333333334, 0.7329777777777778, 0.7507555555555557, 0.7248, 0.7207111111111111], [0.7594000000000001, 0.7192000000000001, 0.7148999999999999, 0.7186000000000001, 0.6885000000000001]]}