{"accuracy": [[0.78, 0.7, 0.74, 0.76, 0.84], [0.72, 0.77, 0.67, 0.72, 0.76], [0.7133333333333334, 0.6933333333333334, 0.74, 0.72, 0.6533333333333333], [0.73, 0.695, 0.71, 0.685, 0.66]], "balanced_accuracy": [[0.78, 0.7, 0.74, 0.76, 0.8400000000000001], [0.72, 0.77, 0.6699999999999999, 0.72, 0.76], [0.7133333333333334, 0.6933333333333334, 0.74, 0.72, 0.6533333333333333], [0.73, 0.6950000000000001, 0.71, 0.685, 0.66]], "recall": [[0.84, 0.48, 0.72, 0.8, 0.8], [0.76, 0.84, 0.76, 0.76, 0.74], [0.72, 0.7466666666666667, 0.8133333333333334, 0.6266666666666667, 0.7333333333333333], [0.61, 0.76, 0.77, 0.77, 0.77]], "precision": [[0.75, 0.8571428571428571, 0.75, 0.7407407407407407, 0.8695652173913043], [0.7037037037037037, 0.7368421052631579, 0.6440677966101694, 0.7037037037037037, 0.7708333333333334], [0.7105263157894737, 0.6746987951807228, 0.7093023255813954, 0.7704918032786885, 0.632183908045977], [0.8026315789473685, 0.672566371681416, 0.6875, 0.6581196581196581, 0.6311475409836066]], "specificity": [[0.72, 0.92, 0.76, 0.72, 0.88], [0.68, 0.7, 0.58, 0.68, 0.78], [0.7066666666666667, 0.64, 0.6666666666666666, 0.8133333333333334, 0.5733333333333334], [0.85, 0.63, 0.65, 0.6, 0.55]], "NPV": [[0.8181818181818182, 0.6388888888888888, 0.7307692307692307, 0.782608695652174, 0.8148148148148148], [0.7391304347826086, 0.813953488372093, 0.7073170731707317, 0.7391304347826086, 0.75], [0.7162162162162162, 0.7164179104477612, 0.78125, 0.6853932584269663, 0.6825396825396826], [0.6854838709677419, 0.7241379310344828, 0.7386363636363636, 0.7228915662650602, 0.7051282051282052]], "F1_score": [[0.7924528301886793, 0.6153846153846153, 0.7346938775510204, 0.7692307692307692, 0.8333333333333333], [0.7307692307692308, 0.7850467289719626, 0.6972477064220184, 0.7307692307692308, 0.7551020408163266], [0.7152317880794702, 0.708860759493671, 0.7577639751552795, 0.6911764705882353, 0.6790123456790123], [0.6931818181818182, 0.7136150234741785, 0.7264150943396227, 0.7096774193548387, 0.6936936936936937]], "AUC": [[0.7504, 0.6976, 0.7472000000000001, 0.8016000000000001, 0.8815999999999999], [0.7167999999999999, 0.8019999999999999, 0.7096, 0.7332000000000001, 0.7796], [0.7361777777777778, 0.7393777777777778, 0.7635555555555555, 0.7082666666666667, 0.7278222222222223], [0.7755000000000001, 0.7205, 0.7284999999999999, 0.7252, 0.7022999999999999]]}