{"accuracy": [[0.76, 0.74, 0.78, 0.76, 0.72], [0.73, 0.77, 0.72, 0.73, 0.76], [0.7333333333333333, 0.7333333333333333, 0.76, 0.7266666666666667, 0.76], [0.73, 0.715, 0.74, 0.725, 0.735]], "balanced_accuracy": [[0.76, 0.74, 0.78, 0.76, 0.72], [0.73, 0.77, 0.72, 0.73, 0.76], [0.7333333333333334, 0.7333333333333334, 0.76, 0.7266666666666667, 0.76], [0.73, 0.715, 0.74, 0.7250000000000001, 0.735]], "recall": [[0.72, 0.72, 0.76, 0.92, 0.84], [0.66, 0.74, 0.8, 0.72, 0.8], [0.6933333333333334, 0.8, 0.7466666666666667, 0.88, 0.8], [0.75, 0.74, 0.79, 0.64, 0.76]], "precision": [[0.782608695652174, 0.75, 0.7916666666666666, 0.696969696969697, 0.6774193548387096], [0.7674418604651163, 0.7872340425531915, 0.6896551724137931, 0.7346938775510204, 0.7407407407407407], [0.7536231884057971, 0.7058823529411765, 0.7671232876712328, 0.673469387755102, 0.7407407407407407], [0.7211538461538461, 0.7047619047619048, 0.7181818181818181, 0.7710843373493976, 0.7238095238095238]], "specificity": [[0.8, 0.76, 0.8, 0.6, 0.6], [0.8, 0.8, 0.64, 0.74, 0.72], [0.7733333333333333, 0.6666666666666666, 0.7733333333333333, 0.5733333333333334, 0.72], [0.71, 0.69, 0.69, 0.81, 0.71]], "NPV": [[0.7407407407407407, 0.7307692307692307, 0.7692307692307693, 0.8823529411764706, 0.7894736842105263], [0.7017543859649122, 0.7547169811320755, 0.7619047619047619, 0.7254901960784313, 0.782608695652174], [0.7160493827160493, 0.7692307692307693, 0.7532467532467533, 0.8269230769230769, 0.782608695652174], [0.7395833333333334, 0.7263157894736842, 0.7666666666666667, 0.6923076923076923, 0.7473684210526316]], "F1_score": [[0.7499999999999999, 0.7346938775510204, 0.7755102040816326, 0.793103448275862, 0.75], [0.7096774193548386, 0.7628865979381443, 0.7407407407407408, 0.7272727272727272, 0.7692307692307692], [0.7222222222222223, 0.7500000000000001, 0.7567567567567568, 0.7630057803468209, 0.7692307692307692], [0.7352941176470588, 0.7219512195121951, 0.7523809523809524, 0.6994535519125684, 0.7414634146341463]], "AUC": [[0.728, 0.7664, 0.7536, 0.8223999999999999, 0.7376], [0.7652000000000001, 0.8099999999999999, 0.7464000000000001, 0.7552, 0.8028], [0.7761777777777779, 0.770488888888889, 0.7825777777777777, 0.7836444444444445, 0.7742222222222223], [0.7793, 0.7436, 0.7989999999999999, 0.7556, 0.7566]]}