{"accuracy": [[0.74, 0.74, 0.76, 0.76, 0.74], [0.74, 0.76, 0.72, 0.73, 0.75], [0.7266666666666667, 0.7466666666666667, 0.74, 0.7333333333333333, 0.76], [0.735, 0.71, 0.755, 0.71, 0.73]], "balanced_accuracy": [[0.74, 0.74, 0.76, 0.76, 0.74], [0.74, 0.76, 0.72, 0.73, 0.75], [0.7266666666666666, 0.7466666666666666, 0.74, 0.7333333333333334, 0.76], [0.735, 0.71, 0.755, 0.71, 0.73]], "recall": [[0.72, 0.72, 0.68, 0.92, 0.84], [0.7, 0.82, 0.8, 0.72, 0.8], [0.6666666666666666, 0.7066666666666667, 0.76, 0.8133333333333334, 0.6266666666666667], [0.72, 0.82, 0.85, 0.72, 0.75]], "precision": [[0.75, 0.75, 0.8095238095238095, 0.696969696969697, 0.7], [0.7608695652173914, 0.7321428571428571, 0.6896551724137931, 0.7346938775510204, 0.7272727272727273], [0.7575757575757576, 0.7681159420289855, 0.7307692307692307, 0.7011494252873564, 0.8545454545454545], [0.7422680412371134, 0.6721311475409836, 0.7142857142857143, 0.7058823529411765, 0.7211538461538461]], "specificity": [[0.76, 0.76, 0.84, 0.6, 0.64], [0.78, 0.7, 0.64, 0.74, 0.7], [0.7866666666666666, 0.7866666666666666, 0.72, 0.6533333333333333, 0.8933333333333333], [0.75, 0.6, 0.66, 0.7, 0.71]], "NPV": [[0.7307692307692307, 0.7307692307692307, 0.7241379310344828, 0.8823529411764706, 0.8], [0.7222222222222222, 0.7954545454545454, 0.7619047619047619, 0.7254901960784313, 0.7777777777777778], [0.7023809523809523, 0.7283950617283951, 0.75, 0.7777777777777778, 0.7052631578947368], [0.7281553398058253, 0.7692307692307693, 0.8148148148148148, 0.7142857142857143, 0.7395833333333334]], "F1_score": [[0.7346938775510204, 0.7346938775510204, 0.7391304347826089, 0.793103448275862, 0.7636363636363636], [0.7291666666666667, 0.7735849056603773, 0.7407407407407408, 0.7272727272727272, 0.761904761904762], [0.7092198581560282, 0.736111111111111, 0.7450980392156863, 0.7530864197530864, 0.7230769230769231], [0.7309644670050761, 0.7387387387387387, 0.776255707762557, 0.712871287128713, 0.7352941176470588]], "AUC": [[0.7280000000000001, 0.7728, 0.8096, 0.8271999999999999, 0.7376], [0.7564, 0.8268, 0.7408, 0.7544000000000001, 0.7968], [0.7711999999999999, 0.7047111111111111, 0.7776, 0.7909333333333334, 0.7792], [0.7907000000000001, 0.7488999999999999, 0.7988000000000001, 0.7644, 0.7595999999999999]]}