{"accuracy": [[0.76, 0.74, 0.78, 0.76, 0.74], [0.75, 0.76, 0.73, 0.72, 0.76], [0.7333333333333333, 0.7333333333333333, 0.7533333333333333, 0.7333333333333333, 0.74], [0.73, 0.725, 0.74, 0.73, 0.73]], "balanced_accuracy": [[0.76, 0.74, 0.78, 0.76, 0.74], [0.75, 0.76, 0.73, 0.72, 0.76], [0.7333333333333334, 0.7333333333333334, 0.7533333333333333, 0.7333333333333334, 0.74], [0.73, 0.7250000000000001, 0.74, 0.73, 0.73]], "recall": [[0.72, 0.72, 0.8, 0.96, 0.76], [0.7, 0.74, 0.82, 0.84, 0.82], [0.6933333333333334, 0.8, 0.7333333333333333, 0.7733333333333333, 0.76], [0.66, 0.79, 0.82, 0.66, 0.74]], "precision": [[0.782608695652174, 0.75, 0.7692307692307693, 0.6857142857142857, 0.7307692307692307], [0.7777777777777778, 0.7708333333333334, 0.6949152542372882, 0.6774193548387096, 0.7321428571428571], [0.7536231884057971, 0.7058823529411765, 0.7638888888888888, 0.7160493827160493, 0.7307692307692307], [0.7674418604651163, 0.6991150442477876, 0.7068965517241379, 0.7674418604651163, 0.7254901960784313]], "specificity": [[0.8, 0.76, 0.76, 0.56, 0.72], [0.8, 0.78, 0.64, 0.6, 0.7], [0.7733333333333333, 0.6666666666666666, 0.7733333333333333, 0.6933333333333334, 0.72], [0.8, 0.66, 0.66, 0.8, 0.72]], "NPV": [[0.7407407407407407, 0.7307692307692307, 0.7916666666666666, 0.9333333333333333, 0.75], [0.7272727272727273, 0.75, 0.7804878048780488, 0.7894736842105263, 0.7954545454545454], [0.7160493827160493, 0.7692307692307693, 0.7435897435897436, 0.7536231884057971, 0.75], [0.7017543859649122, 0.7586206896551724, 0.7857142857142857, 0.7017543859649122, 0.7346938775510204]], "F1_score": [[0.7499999999999999, 0.7346938775510204, 0.7843137254901961, 0.7999999999999999, 0.7450980392156863], [0.7368421052631577, 0.7551020408163266, 0.7522935779816514, 0.75, 0.7735849056603773], [0.7222222222222223, 0.7500000000000001, 0.7482993197278911, 0.7435897435897435, 0.7450980392156863], [0.7096774193548386, 0.7417840375586855, 0.7592592592592593, 0.7096774193548386, 0.7326732673267328]], "AUC": [[0.7168, 0.7648, 0.8192, 0.8416, 0.728], [0.7376, 0.7652, 0.7476, 0.7516, 0.7944000000000001], [0.7731555555555556, 0.7631999999999999, 0.7832888888888888, 0.7701333333333333, 0.7525333333333333], [0.774, 0.7538, 0.7988000000000001, 0.7740999999999999, 0.7607999999999999]]}