{"accuracy": [0.6756756756756757, 0.7702702702702703, 0.7162162162162162, 0.6486486486486487, 0.668918918918919, 0.8040540540540541, 0.7094594594594594, 0.7567567567567568, 0.6891891891891891, 0.5540540540540541], "balanced_accuracy": [0.7703125, 0.740625, 0.68828125, 0.7125, 0.68203125, 0.696875, 0.8109375, 0.690625, 0.778125, 0.72109375], "recall": [0.640625, 0.78125, 0.7265625, 0.625, 0.6640625, 0.84375, 0.671875, 0.78125, 0.65625, 0.4921875], "precision": [0.9761904761904762, 0.9433962264150944, 0.93, 0.9523809523809523, 0.9340659340659341, 0.9230769230769231, 0.9885057471264368, 0.9259259259259259, 0.9767441860465116, 0.984375], "specificity": [0.9, 0.7, 0.65, 0.8, 0.7, 0.55, 0.95, 0.6, 0.9, 0.95], "NPV": [0.28125, 0.3333333333333333, 0.2708333333333333, 0.25, 0.24561403508771928, 0.3548387096774194, 0.3114754098360656, 0.3, 0.2903225806451613, 0.2261904761904762], "F1_score": [0.7735849056603773, 0.8547008547008547, 0.8157894736842105, 0.7547169811320755, 0.776255707762557, 0.8816326530612245, 0.8, 0.847457627118644, 0.7850467289719625, 0.65625], "AUC": [0.802734375, 0.691796875, 0.6453125, 0.7367187500000001, 0.7296875, 0.72890625, 0.819140625, 0.650390625, 0.77890625, 0.700390625]}