{"accuracy": [[0.74, 0.82, 0.76, 0.8, 0.74], [0.74, 0.78, 0.73, 0.73, 0.76], [0.74, 0.7333333333333333, 0.76, 0.7266666666666667, 0.7466666666666667], [0.74, 0.725, 0.745, 0.725, 0.735]], "balanced_accuracy": [[0.74, 0.8200000000000001, 0.76, 0.8, 0.74], [0.74, 0.78, 0.73, 0.73, 0.76], [0.74, 0.7333333333333334, 0.76, 0.7266666666666667, 0.7466666666666667], [0.74, 0.7250000000000001, 0.745, 0.725, 0.735]], "recall": [[0.72, 0.72, 0.8, 0.88, 0.72], [0.62, 0.78, 0.84, 0.72, 0.82], [0.7066666666666667, 0.8133333333333334, 0.8533333333333334, 0.8266666666666667, 0.68], [0.73, 0.79, 0.83, 0.62, 0.75]], "precision": [[0.75, 0.9, 0.7407407407407407, 0.7586206896551724, 0.75], [0.8157894736842105, 0.78, 0.6885245901639344, 0.7346938775510204, 0.7321428571428571], [0.7571428571428571, 0.7011494252873564, 0.7191011235955056, 0.6888888888888889, 0.7846153846153846], [0.7448979591836735, 0.6991150442477876, 0.7094017094017094, 0.7848101265822784, 0.7281553398058253]], "specificity": [[0.76, 0.92, 0.72, 0.72, 0.76], [0.86, 0.78, 0.62, 0.74, 0.7], [0.7733333333333333, 0.6533333333333333, 0.6666666666666666, 0.6266666666666667, 0.8133333333333334], [0.75, 0.66, 0.66, 0.83, 0.72]], "NPV": [[0.7307692307692307, 0.7666666666666667, 0.782608695652174, 0.8571428571428571, 0.7307692307692307], [0.6935483870967742, 0.78, 0.7948717948717948, 0.7254901960784313, 0.7954545454545454], [0.725, 0.7777777777777778, 0.819672131147541, 0.7833333333333333, 0.7176470588235294], [0.7352941176470589, 0.7586206896551724, 0.7951807228915663, 0.6859504132231405, 0.7422680412371134]], "F1_score": [[0.7346938775510204, 0.7999999999999999, 0.7692307692307692, 0.8148148148148148, 0.7346938775510204], [0.7045454545454546, 0.78, 0.7567567567567568, 0.7272727272727272, 0.7735849056603773], [0.7310344827586207, 0.7530864197530864, 0.7804878048780487, 0.7515151515151515, 0.7285714285714285], [0.7373737373737373, 0.7417840375586855, 0.7649769585253456, 0.6927374301675978, 0.7389162561576353]], "AUC": [[0.7215999999999999, 0.792, 0.8128, 0.776, 0.7024], [0.7444, 0.8023999999999999, 0.7527999999999999, 0.7488, 0.7996], [0.7724444444444445, 0.7560888888888889, 0.7602666666666666, 0.7973333333333333, 0.7624888888888889], [0.7834999999999999, 0.7629, 0.8007, 0.7612999999999999, 0.7410000000000001]]}