{"accuracy": [[0.76, 0.7, 0.74, 0.8, 0.82], [0.71, 0.77, 0.66, 0.73, 0.75], [0.7133333333333334, 0.7066666666666667, 0.7266666666666667, 0.7066666666666667, 0.6866666666666666], [0.72, 0.69, 0.69, 0.685, 0.67]], "balanced_accuracy": [[0.76, 0.7, 0.74, 0.8, 0.8200000000000001], [0.71, 0.77, 0.66, 0.73, 0.75], [0.7133333333333334, 0.7066666666666667, 0.7266666666666667, 0.7066666666666667, 0.6866666666666666], [0.72, 0.69, 0.69, 0.685, 0.6699999999999999]], "recall": [[0.84, 0.64, 0.88, 0.84, 0.8], [0.74, 0.84, 0.44, 0.78, 0.76], [0.84, 0.6933333333333334, 0.76, 0.6933333333333334, 0.8266666666666667], [0.76, 0.76, 0.75, 0.66, 0.73]], "precision": [[0.7241379310344828, 0.7272727272727273, 0.6875, 0.7777777777777778, 0.8333333333333334], [0.6981132075471698, 0.7368421052631579, 0.7857142857142857, 0.7090909090909091, 0.7450980392156863], [0.6702127659574468, 0.7123287671232876, 0.7125, 0.7123287671232876, 0.6458333333333334], [0.7037037037037037, 0.6666666666666666, 0.6696428571428571, 0.6947368421052632, 0.6517857142857143]], "specificity": [[0.68, 0.76, 0.6, 0.76, 0.84], [0.68, 0.7, 0.88, 0.68, 0.74], [0.5866666666666667, 0.72, 0.6933333333333334, 0.72, 0.5466666666666666], [0.68, 0.62, 0.63, 0.71, 0.61]], "NPV": [[0.8095238095238095, 0.6785714285714286, 0.8333333333333334, 0.8260869565217391, 0.8076923076923077], [0.723404255319149, 0.813953488372093, 0.6111111111111112, 0.7555555555555555, 0.7551020408163265], [0.7857142857142857, 0.7012987012987013, 0.7428571428571429, 0.7012987012987013, 0.7592592592592593], [0.7391304347826086, 0.7209302325581395, 0.7159090909090909, 0.6761904761904762, 0.6931818181818182]], "F1_score": [[0.7777777777777777, 0.6808510638297872, 0.7719298245614036, 0.8076923076923077, 0.816326530612245], [0.7184466019417476, 0.7850467289719626, 0.5641025641025641, 0.7428571428571428, 0.7524752475247525], [0.7455621301775148, 0.7027027027027026, 0.7354838709677418, 0.7027027027027026, 0.7251461988304094], [0.7307692307692308, 0.7102803738317756, 0.7075471698113206, 0.676923076923077, 0.6886792452830188]], "AUC": [[0.7312, 0.6528, 0.8048, 0.8224, 0.8656], [0.72, 0.8032, 0.6764, 0.7303999999999999, 0.7831999999999999], [0.7189333333333333, 0.7205333333333334, 0.7434666666666667, 0.6860444444444445, 0.7118222222222222], [0.7589, 0.7178, 0.7169000000000001, 0.6904, 0.6943]]}