{"accuracy": [[0.74, 0.74, 0.8, 0.78, 0.74], [0.75, 0.78, 0.72, 0.74, 0.75], [0.7266666666666667, 0.7333333333333333, 0.7466666666666667, 0.7533333333333333, 0.7533333333333333], [0.735, 0.705, 0.745, 0.725, 0.74]], "balanced_accuracy": [[0.74, 0.74, 0.8, 0.78, 0.74], [0.75, 0.78, 0.72, 0.74, 0.75], [0.7266666666666667, 0.7333333333333334, 0.7466666666666667, 0.7533333333333334, 0.7533333333333334], [0.735, 0.7050000000000001, 0.745, 0.725, 0.74]], "recall": [[0.68, 0.76, 0.8, 0.84, 0.84], [0.72, 0.74, 0.82, 0.76, 0.82], [0.68, 0.8, 0.8133333333333334, 0.8, 0.7466666666666667], [0.71, 0.74, 0.82, 0.59, 0.78]], "precision": [[0.7727272727272727, 0.7307692307692307, 0.8, 0.75, 0.7], [0.7659574468085106, 0.8043478260869565, 0.6833333333333333, 0.7307692307692307, 0.7192982456140351], [0.75, 0.7058823529411765, 0.7176470588235294, 0.7317073170731707, 0.7567567567567568], [0.7473684210526316, 0.6915887850467289, 0.7130434782608696, 0.8082191780821918, 0.7222222222222222]], "specificity": [[0.8, 0.72, 0.8, 0.72, 0.64], [0.78, 0.82, 0.62, 0.72, 0.68], [0.7733333333333333, 0.6666666666666666, 0.68, 0.7066666666666667, 0.76], [0.76, 0.67, 0.67, 0.86, 0.7]], "NPV": [[0.7142857142857143, 0.75, 0.8, 0.8181818181818182, 0.8], [0.7358490566037735, 0.7592592592592593, 0.775, 0.75, 0.7906976744186046], [0.7073170731707317, 0.7692307692307693, 0.7846153846153846, 0.7794117647058824, 0.75], [0.7238095238095238, 0.7204301075268817, 0.788235294117647, 0.6771653543307087, 0.7608695652173914]], "F1_score": [[0.7234042553191491, 0.7450980392156863, 0.8000000000000002, 0.7924528301886793, 0.7636363636363636], [0.7422680412371133, 0.7708333333333333, 0.7454545454545455, 0.7450980392156863, 0.7663551401869159], [0.7132867132867132, 0.7500000000000001, 0.7625, 0.7643312101910827, 0.7516778523489932], [0.7282051282051281, 0.7149758454106279, 0.7627906976744185, 0.6820809248554913, 0.7500000000000001]], "AUC": [[0.7168000000000001, 0.7567999999999999, 0.8336, 0.84, 0.704], [0.7612, 0.8388, 0.7492, 0.7532000000000001, 0.7988], [0.7735111111111111, 0.7781333333333333, 0.7614222222222222, 0.7800888888888889, 0.7727999999999999], [0.7898, 0.7434000000000001, 0.7986000000000001, 0.7653000000000001, 0.7613]]}