{"accuracy": [0.7094594594594594, 0.6959459459459459, 0.7297297297297297, 0.6554054054054054, 0.7837837837837838, 0.722972972972973, 0.6621621621621622, 0.7432432432432432, 0.7027027027027027, 0.6081081081081081], "balanced_accuracy": [0.78984375, 0.7609375, 0.759375, 0.67421875, 0.76953125, 0.71328125, 0.8046875, 0.7671875, 0.74375, 0.71015625], "recall": [0.6796875, 0.671875, 0.71875, 0.6484375, 0.7890625, 0.7265625, 0.609375, 0.734375, 0.6875, 0.5703125], "precision": [0.9775280898876404, 0.9662921348314607, 0.9583333333333334, 0.9325842696629213, 0.9528301886792453, 0.9393939393939394, 1.0, 0.9591836734693877, 0.9565217391304348, 0.9605263157894737], "specificity": [0.9, 0.85, 0.8, 0.7, 0.75, 0.7, 1.0, 0.8, 0.8, 0.85], "NPV": [0.3050847457627119, 0.288135593220339, 0.3076923076923077, 0.23728813559322035, 0.35714285714285715, 0.2857142857142857, 0.2857142857142857, 0.32, 0.2857142857142857, 0.2361111111111111], "F1_score": [0.8018433179723502, 0.7926267281105991, 0.8214285714285714, 0.7649769585253456, 0.8632478632478633, 0.8193832599118943, 0.7572815533980582, 0.831858407079646, 0.8, 0.7156862745098039], "AUC": [0.78671875, 0.7671874999999999, 0.747265625, 0.653515625, 0.77109375, 0.7124999999999999, 0.794921875, 0.799609375, 0.7640625000000001, 0.7218749999999999]}