{"accuracy": [[0.78, 0.66, 0.78, 0.76, 0.82], [0.72, 0.76, 0.68, 0.72, 0.76], [0.7133333333333334, 0.7066666666666667, 0.7333333333333333, 0.7, 0.68], [0.715, 0.705, 0.7, 0.68, 0.69]], "balanced_accuracy": [[0.78, 0.66, 0.78, 0.76, 0.8200000000000001], [0.72, 0.76, 0.68, 0.72, 0.76], [0.7133333333333334, 0.7066666666666667, 0.7333333333333334, 0.7, 0.6799999999999999], [0.715, 0.7050000000000001, 0.7, 0.6799999999999999, 0.69]], "recall": [[0.84, 0.64, 0.8, 0.84, 0.8], [0.78, 0.82, 0.56, 0.78, 0.76], [0.72, 0.6666666666666666, 0.7733333333333333, 0.7333333333333333, 0.72], [0.73, 0.61, 0.69, 0.75, 0.76]], "precision": [[0.75, 0.6666666666666666, 0.7692307692307693, 0.7241379310344828, 0.8333333333333334], [0.6964285714285714, 0.7321428571428571, 0.7368421052631579, 0.6964285714285714, 0.76], [0.7105263157894737, 0.7246376811594203, 0.7160493827160493, 0.6875, 0.6666666666666666], [0.7087378640776699, 0.7530864197530864, 0.7040816326530612, 0.6578947368421053, 0.6666666666666666]], "specificity": [[0.72, 0.68, 0.76, 0.68, 0.84], [0.66, 0.7, 0.8, 0.66, 0.76], [0.7066666666666667, 0.7466666666666667, 0.6933333333333334, 0.6666666666666666, 0.64], [0.7, 0.8, 0.71, 0.61, 0.62]], "NPV": [[0.8181818181818182, 0.6538461538461539, 0.7916666666666666, 0.8095238095238095, 0.8076923076923077], [0.75, 0.7954545454545454, 0.6451612903225806, 0.75, 0.76], [0.7162162162162162, 0.691358024691358, 0.7536231884057971, 0.7142857142857143, 0.6956521739130435], [0.7216494845360825, 0.6722689075630253, 0.696078431372549, 0.7093023255813954, 0.7209302325581395]], "F1_score": [[0.7924528301886793, 0.6530612244897959, 0.7843137254901961, 0.7777777777777777, 0.816326530612245], [0.7358490566037736, 0.7735849056603773, 0.6363636363636364, 0.7358490566037736, 0.76], [0.7152317880794702, 0.6944444444444444, 0.7435897435897435, 0.7096774193548386, 0.6923076923076923], [0.7192118226600985, 0.6740331491712707, 0.6969696969696969, 0.7009345794392524, 0.7102803738317756]], "AUC": [[0.7472, 0.6656, 0.7647999999999999, 0.7936000000000001, 0.8688], [0.7232000000000001, 0.7996, 0.6904, 0.7343999999999999, 0.7756000000000001], [0.7381333333333334, 0.7223111111111111, 0.7443555555555555, 0.7045333333333333, 0.7159111111111112], [0.7549, 0.7260000000000001, 0.7121, 0.7399000000000001, 0.7043]]}