{"accuracy": [0.668918918918919, 0.7905405405405406, 0.7837837837837838, 0.6013513513513513, 0.6418918918918919, 0.5540540540540541, 0.6486486486486487, 0.777027027027027, 0.6824324324324325, 0.6621621621621622], "balanced_accuracy": [0.7875, 0.73125, 0.7484375, 0.72734375, 0.75078125, 0.6578125, 0.77578125, 0.70234375, 0.73203125, 0.7203125], "recall": [0.625, 0.8125, 0.796875, 0.5546875, 0.6015625, 0.515625, 0.6015625, 0.8046875, 0.6640625, 0.640625], "precision": [0.9876543209876543, 0.9369369369369369, 0.9444444444444444, 0.9726027397260274, 0.9746835443037974, 0.9428571428571428, 0.9871794871794872, 0.9279279279279279, 0.9550561797752809, 0.9534883720930233], "specificity": [0.95, 0.65, 0.7, 0.9, 0.9, 0.8, 0.95, 0.6, 0.8, 0.8], "NPV": [0.2835820895522388, 0.35135135135135137, 0.35, 0.24, 0.2608695652173913, 0.20512820512820512, 0.2714285714285714, 0.32432432432432434, 0.2711864406779661, 0.25806451612903225], "F1_score": [0.7655502392344498, 0.8702928870292888, 0.8644067796610169, 0.7064676616915423, 0.7439613526570048, 0.6666666666666666, 0.7475728155339806, 0.8619246861924686, 0.783410138248848, 0.766355140186916], "AUC": [0.804296875, 0.7519531249999999, 0.7296875, 0.720703125, 0.765234375, 0.64765625, 0.764453125, 0.701953125, 0.7585937500000001, 0.6476562500000002]}