{"accuracy": [0.6148648648648649, 0.7905405405405406, 0.6959459459459459, 0.5945945945945946, 0.7364864864864865, 0.6756756756756757, 0.6486486486486487, 0.6891891891891891, 0.7094594594594594, 0.7432432432432432], "balanced_accuracy": [0.73515625, 0.66796875, 0.61328125, 0.66015625, 0.784375, 0.6859375, 0.77578125, 0.75703125, 0.7265625, 0.74609375], "recall": [0.5703125, 0.8359375, 0.7265625, 0.5703125, 0.71875, 0.671875, 0.6015625, 0.6640625, 0.703125, 0.7421875], "precision": [0.9733333333333334, 0.9145299145299145, 0.9029126213592233, 0.9358974358974359, 0.968421052631579, 0.9347826086956522, 0.9871794871794872, 0.9659090909090909, 0.9473684210526315, 0.95], "specificity": [0.9, 0.5, 0.5, 0.75, 0.85, 0.7, 0.95, 0.85, 0.75, 0.75], "NPV": [0.2465753424657534, 0.3225806451612903, 0.2222222222222222, 0.21428571428571427, 0.32075471698113206, 0.25, 0.2714285714285714, 0.2833333333333333, 0.2830188679245283, 0.3125], "F1_score": [0.7192118226600985, 0.8734693877551021, 0.8051948051948051, 0.7087378640776699, 0.8251121076233184, 0.7818181818181819, 0.7475728155339806, 0.7870370370370371, 0.8071748878923767, 0.8333333333333334], "AUC": [0.800390625, 0.6421875, 0.6078125, 0.62265625, 0.7999999999999999, 0.7140624999999999, 0.7890624999999999, 0.785546875, 0.718359375, 0.771484375]}