{"accuracy": [[0.78, 0.7, 0.76, 0.8, 0.86], [0.72, 0.76, 0.67, 0.74, 0.75], [0.7066666666666667, 0.7, 0.7266666666666667, 0.7, 0.7], [0.73, 0.705, 0.7, 0.685, 0.68]], "balanced_accuracy": [[0.78, 0.7, 0.76, 0.8, 0.86], [0.72, 0.76, 0.67, 0.74, 0.75], [0.7066666666666667, 0.7, 0.7266666666666667, 0.7, 0.7], [0.73, 0.7050000000000001, 0.7, 0.685, 0.6799999999999999]], "recall": [[0.84, 0.64, 0.88, 0.8, 0.96], [0.76, 0.84, 0.56, 0.82, 0.74], [0.72, 0.6266666666666667, 0.7733333333333333, 0.7066666666666667, 0.6533333333333333], [0.81, 0.77, 0.69, 0.66, 0.63]], "precision": [[0.75, 0.7272727272727273, 0.7096774193548387, 0.8, 0.8], [0.7037037037037037, 0.7241379310344828, 0.717948717948718, 0.7068965517241379, 0.7551020408163265], [0.7012987012987013, 0.734375, 0.7073170731707317, 0.6973684210526315, 0.7205882352941176], [0.6982758620689655, 0.6814159292035398, 0.7040816326530612, 0.6947368421052632, 0.7]], "specificity": [[0.72, 0.76, 0.64, 0.8, 0.76], [0.68, 0.68, 0.78, 0.66, 0.76], [0.6933333333333334, 0.7733333333333333, 0.68, 0.6933333333333334, 0.7466666666666667], [0.65, 0.64, 0.71, 0.71, 0.73]], "NPV": [[0.8181818181818182, 0.6785714285714286, 0.8421052631578947, 0.8, 0.95], [0.7391304347826086, 0.8095238095238095, 0.639344262295082, 0.7857142857142857, 0.7450980392156863], [0.7123287671232876, 0.6744186046511628, 0.75, 0.7027027027027027, 0.6829268292682927], [0.7738095238095238, 0.735632183908046, 0.696078431372549, 0.6761904761904762, 0.6636363636363637]], "F1_score": [[0.7924528301886793, 0.6808510638297872, 0.7857142857142856, 0.8000000000000002, 0.8727272727272728], [0.7307692307692308, 0.7777777777777777, 0.6292134831460674, 0.7592592592592593, 0.7474747474747474], [0.7105263157894737, 0.6762589928057554, 0.7388535031847134, 0.7019867549668874, 0.6853146853146852], [0.75, 0.7230046948356806, 0.6969696969696969, 0.676923076923077, 0.663157894736842]], "AUC": [[0.7504, 0.7008000000000001, 0.8111999999999999, 0.8128, 0.8719999999999999], [0.7192, 0.8004, 0.712, 0.7320000000000001, 0.7784], [0.7393777777777778, 0.7418666666666666, 0.7459555555555556, 0.7061333333333334, 0.7244444444444444], [0.7467, 0.7206, 0.7193, 0.7342, 0.698]]}