{"accuracy": [[0.74, 0.76, 0.78, 0.78, 0.76], [0.74, 0.77, 0.72, 0.73, 0.78], [0.7333333333333333, 0.74, 0.7533333333333333, 0.7933333333333333, 0.7466666666666667], [0.745, 0.72, 0.74, 0.725, 0.73]], "balanced_accuracy": [[0.74, 0.76, 0.78, 0.78, 0.76], [0.74, 0.77, 0.72, 0.73, 0.78], [0.7333333333333334, 0.74, 0.7533333333333333, 0.7933333333333333, 0.7466666666666667], [0.745, 0.72, 0.74, 0.725, 0.73]], "recall": [[0.68, 0.68, 0.72, 0.92, 0.76], [0.72, 0.78, 0.8, 0.66, 0.78], [0.6933333333333334, 0.8, 0.7733333333333333, 0.8933333333333333, 0.6266666666666667], [0.72, 0.82, 0.83, 0.6, 0.74]], "precision": [[0.7727272727272727, 0.8095238095238095, 0.8181818181818182, 0.71875, 0.76], [0.75, 0.7647058823529411, 0.6896551724137931, 0.7674418604651163, 0.78], [0.7536231884057971, 0.7142857142857143, 0.7435897435897436, 0.7444444444444445, 0.8245614035087719], [0.7578947368421053, 0.6833333333333333, 0.7033898305084746, 0.8, 0.7254901960784313]], "specificity": [[0.8, 0.84, 0.84, 0.64, 0.76], [0.76, 0.76, 0.64, 0.8, 0.78], [0.7733333333333333, 0.68, 0.7333333333333333, 0.6933333333333334, 0.8666666666666667], [0.77, 0.62, 0.65, 0.85, 0.72]], "NPV": [[0.7142857142857143, 0.7241379310344828, 0.75, 0.8888888888888888, 0.76], [0.7307692307692307, 0.7755102040816326, 0.7619047619047619, 0.7017543859649122, 0.78], [0.7160493827160493, 0.7727272727272727, 0.7638888888888888, 0.8666666666666667, 0.6989247311827957], [0.7333333333333333, 0.775, 0.7926829268292683, 0.68, 0.7346938775510204]], "F1_score": [[0.7234042553191491, 0.7391304347826089, 0.7659574468085107, 0.8070175438596492, 0.76], [0.7346938775510204, 0.7722772277227723, 0.7407407407407408, 0.7096774193548386, 0.78], [0.7222222222222223, 0.7547169811320756, 0.7581699346405228, 0.8121212121212122, 0.7121212121212122], [0.7384615384615385, 0.7454545454545455, 0.7614678899082568, 0.6857142857142857, 0.7326732673267328]], "AUC": [[0.7392, 0.7712, 0.7727999999999999, 0.8432000000000001, 0.7472], [0.7552, 0.8079999999999999, 0.7496, 0.7296, 0.826], [0.7768888888888889, 0.7365333333333334, 0.7838222222222222, 0.8213333333333334, 0.7712], [0.7724000000000001, 0.7509, 0.8003, 0.7648999999999999, 0.7615]]}