{"accuracy": [[0.78, 0.74, 0.78, 0.76, 0.84], [0.71, 0.74, 0.68, 0.73, 0.76], [0.7266666666666667, 0.7133333333333334, 0.74, 0.6866666666666666, 0.6666666666666666], [0.73, 0.7, 0.705, 0.695, 0.685]], "balanced_accuracy": [[0.78, 0.74, 0.78, 0.76, 0.8400000000000001], [0.71, 0.74, 0.68, 0.73, 0.76], [0.7266666666666666, 0.7133333333333334, 0.74, 0.6866666666666666, 0.6666666666666667], [0.73, 0.7, 0.705, 0.695, 0.685]], "recall": [[0.84, 0.72, 0.8, 0.72, 1.0], [0.74, 0.78, 0.56, 0.78, 0.74], [0.6666666666666666, 0.68, 0.8266666666666667, 0.72, 0.6266666666666667], [0.77, 0.79, 0.72, 0.7, 0.72]], "precision": [[0.75, 0.75, 0.7692307692307693, 0.782608695652174, 0.7575757575757576], [0.6981132075471698, 0.7222222222222222, 0.7368421052631579, 0.7090909090909091, 0.7708333333333334], [0.7575757575757576, 0.7285714285714285, 0.7045454545454546, 0.675, 0.6811594202898551], [0.7129629629629629, 0.6694915254237288, 0.6990291262135923, 0.693069306930693, 0.6728971962616822]], "specificity": [[0.72, 0.76, 0.76, 0.8, 0.68], [0.68, 0.7, 0.8, 0.68, 0.78], [0.7866666666666666, 0.7466666666666667, 0.6533333333333333, 0.6533333333333333, 0.7066666666666667], [0.69, 0.61, 0.69, 0.69, 0.65]], "NPV": [[0.8181818181818182, 0.7307692307692307, 0.7916666666666666, 0.7407407407407407, 1.0], [0.723404255319149, 0.7608695652173914, 0.6451612903225806, 0.7555555555555555, 0.75], [0.7023809523809523, 0.7, 0.7903225806451613, 0.7, 0.654320987654321], [0.75, 0.7439024390243902, 0.711340206185567, 0.696969696969697, 0.6989247311827957]], "F1_score": [[0.7924528301886793, 0.7346938775510204, 0.7843137254901961, 0.7499999999999999, 0.8620689655172413], [0.7184466019417476, 0.7500000000000001, 0.6363636363636364, 0.7428571428571428, 0.7551020408163266], [0.7092198581560282, 0.7034482758620689, 0.7607361963190183, 0.6967741935483871, 0.6527777777777777], [0.7403846153846153, 0.7247706422018348, 0.7093596059113302, 0.6965174129353233, 0.6956521739130436]], "AUC": [[0.7552, 0.7232, 0.7984, 0.7984, 0.8784000000000001], [0.72, 0.7988000000000001, 0.7064, 0.7348, 0.7827999999999999], [0.7205333333333332, 0.7285333333333334, 0.7480888888888888, 0.7041777777777778, 0.6881777777777778], [0.7601, 0.7190000000000001, 0.726, 0.7202000000000001, 0.6956]]}