{"accuracy": [0.6486486486486487, 0.6756756756756757, 0.6959459459459459, 0.5472972972972973, 0.6013513513513513, 0.6418918918918919, 0.6351351351351351, 0.6418918918918919, 0.6148648648648649, 0.581081081081081], "balanced_accuracy": [0.7546875, 0.66484375, 0.69765625, 0.6328125, 0.72734375, 0.66640625, 0.7890625, 0.7296875, 0.7140625, 0.63125], "recall": [0.609375, 0.6796875, 0.6953125, 0.515625, 0.5546875, 0.6328125, 0.578125, 0.609375, 0.578125, 0.5625], "precision": [0.975, 0.925531914893617, 0.9368421052631579, 0.9295774647887324, 0.9726027397260274, 0.9310344827586207, 1.0, 0.9629629629629629, 0.961038961038961, 0.9230769230769231], "specificity": [0.9, 0.65, 0.7, 0.75, 0.9, 0.7, 1.0, 0.85, 0.85, 0.7], "NPV": [0.2647058823529412, 0.24074074074074073, 0.2641509433962264, 0.19480519480519481, 0.24, 0.22950819672131148, 0.2702702702702703, 0.2537313432835821, 0.23943661971830985, 0.2], "F1_score": [0.7499999999999999, 0.7837837837837838, 0.7982062780269058, 0.6633165829145728, 0.7064676616915423, 0.7534883720930232, 0.7326732673267327, 0.7464114832535885, 0.7219512195121951, 0.6990291262135923], "AUC": [0.771875, 0.7421875000000001, 0.735546875, 0.6328125, 0.7962890625000001, 0.6970703125, 0.78515625, 0.7921874999999999, 0.7771484375, 0.7000000000000001]}