{"accuracy": [[0.5, 0.62, 0.6, 0.66, 0.58], [0.62, 0.63, 0.65, 0.61, 0.64], [0.5866666666666667, 0.6466666666666666, 0.62, 0.5733333333333334, 0.54], [0.585, 0.55, 0.66, 0.545, 0.595]], "balanced_accuracy": [[0.5, 0.6200000000000001, 0.6000000000000001, 0.6599999999999999, 0.5800000000000001], [0.62, 0.63, 0.65, 0.61, 0.64], [0.5866666666666667, 0.6466666666666667, 0.62, 0.5733333333333334, 0.54], [0.585, 0.55, 0.6599999999999999, 0.545, 0.595]], "recall": [[0.6, 0.56, 0.52, 0.6, 0.64], [0.66, 0.66, 0.66, 0.62, 0.6], [0.5866666666666667, 0.68, 0.6133333333333333, 0.56, 0.5466666666666666], [0.58, 0.61, 0.63, 0.53, 0.57]], "precision": [[0.5, 0.6363636363636364, 0.6190476190476191, 0.6818181818181818, 0.5714285714285714], [0.6111111111111112, 0.6226415094339622, 0.6470588235294118, 0.6078431372549019, 0.6521739130434783], [0.5866666666666667, 0.6375, 0.6216216216216216, 0.5753424657534246, 0.5394736842105263], [0.5858585858585859, 0.5446428571428571, 0.6702127659574468, 0.5463917525773195, 0.6]], "specificity": [[0.4, 0.68, 0.68, 0.72, 0.52], [0.58, 0.6, 0.64, 0.6, 0.68], [0.5866666666666667, 0.6133333333333333, 0.6266666666666667, 0.5866666666666667, 0.5333333333333333], [0.59, 0.49, 0.69, 0.56, 0.62]], "NPV": [[0.5, 0.6071428571428571, 0.5862068965517241, 0.6428571428571429, 0.5909090909090909], [0.6304347826086957, 0.6382978723404256, 0.6530612244897959, 0.6122448979591837, 0.6296296296296297], [0.5866666666666667, 0.6571428571428571, 0.618421052631579, 0.5714285714285714, 0.5405405405405406], [0.5841584158415841, 0.5568181818181818, 0.6509433962264151, 0.5436893203883495, 0.5904761904761905]], "F1_score": [[0.5454545454545454, 0.5957446808510639, 0.5652173913043478, 0.6382978723404256, 0.6037735849056605], [0.6346153846153846, 0.6407766990291262, 0.6534653465346535, 0.6138613861386139, 0.6250000000000001], [0.5866666666666667, 0.6580645161290323, 0.6174496644295302, 0.5675675675675674, 0.5430463576158939], [0.5829145728643216, 0.5754716981132075, 0.6494845360824743, 0.5380710659898477, 0.5846153846153846]], "AUC": [[0.5711999999999999, 0.6464000000000001, 0.6832, 0.7504, 0.5712], [0.6464, 0.7128000000000001, 0.6824000000000001, 0.6579999999999999, 0.6496000000000001], [0.6597333333333334, 0.6753777777777776, 0.6576, 0.6255999999999999, 0.5489777777777778], [0.6154000000000001, 0.6027, 0.6894, 0.5731, 0.6334]]}