{"accuracy": [[0.58, 0.68, 0.66, 0.72, 0.6], [0.62, 0.72, 0.68, 0.66, 0.73], [0.6933333333333334, 0.7133333333333334, 0.7266666666666667, 0.7266666666666667, 0.7066666666666667], [0.7, 0.68, 0.71, 0.69, 0.69]], "balanced_accuracy": [[0.5800000000000001, 0.6799999999999999, 0.6599999999999999, 0.72, 0.6000000000000001], [0.62, 0.72, 0.6799999999999999, 0.6599999999999999, 0.73], [0.6933333333333334, 0.7133333333333334, 0.7266666666666667, 0.7266666666666667, 0.7066666666666667], [0.7, 0.6799999999999999, 0.71, 0.69, 0.69]], "recall": [[0.64, 0.6, 0.6, 0.72, 0.68], [0.62, 0.72, 0.84, 0.58, 0.78], [0.7333333333333333, 0.8133333333333334, 0.8133333333333334, 0.7733333333333333, 0.84], [0.67, 0.71, 0.73, 0.74, 0.75]], "precision": [[0.5714285714285714, 0.7142857142857143, 0.6818181818181818, 0.72, 0.5862068965517241], [0.62, 0.72, 0.6363636363636364, 0.6904761904761905, 0.7090909090909091], [0.6790123456790124, 0.6777777777777778, 0.6931818181818182, 0.7073170731707317, 0.6631578947368421], [0.7127659574468085, 0.6698113207547169, 0.7019230769230769, 0.6727272727272727, 0.6696428571428571]], "specificity": [[0.52, 0.76, 0.72, 0.72, 0.52], [0.62, 0.72, 0.52, 0.74, 0.68], [0.6533333333333333, 0.6133333333333333, 0.64, 0.68, 0.5733333333333334], [0.73, 0.65, 0.69, 0.64, 0.63]], "NPV": [[0.5909090909090909, 0.6551724137931034, 0.6428571428571429, 0.72, 0.6190476190476191], [0.62, 0.72, 0.7647058823529411, 0.6379310344827587, 0.7555555555555555], [0.7101449275362319, 0.7666666666666667, 0.7741935483870968, 0.75, 0.7818181818181819], [0.6886792452830188, 0.6914893617021277, 0.71875, 0.7111111111111111, 0.7159090909090909]], "F1_score": [[0.6037735849056605, 0.6521739130434783, 0.6382978723404256, 0.72, 0.6296296296296295], [0.62, 0.72, 0.7241379310344828, 0.6304347826086957, 0.7428571428571428], [0.7051282051282051, 0.7393939393939395, 0.7484662576687117, 0.7388535031847134, 0.7411764705882353], [0.6907216494845361, 0.6893203883495145, 0.7156862745098039, 0.7047619047619048, 0.7075471698113206]], "AUC": [[0.6880000000000001, 0.7056, 0.7407999999999999, 0.8, 0.6511999999999999], [0.7068, 0.7962, 0.7502, 0.7415999999999999, 0.8014], [0.7582222222222221, 0.7665777777777778, 0.7608888888888888, 0.7797333333333333, 0.7533333333333334], [0.776, 0.7253000000000001, 0.7851, 0.7209000000000001, 0.7508]]}