{"accuracy": [0.6418918918918919, 0.6283783783783784, 0.6283783783783784, 0.581081081081081, 0.6216216216216216, 0.5472972972972973, 0.7432432432432432, 0.581081081081081, 0.527027027027027, 0.2905405405405405], "balanced_accuracy": [0.58203125, 0.6375, 0.6796875, 0.52578125, 0.6546875, 0.61171875, 0.78828125, 0.61015625, 0.62109375, 0.58984375], "recall": [0.6640625, 0.625, 0.609375, 0.6015625, 0.609375, 0.5234375, 0.7265625, 0.5703125, 0.4921875, 0.1796875], "precision": [0.8947368421052632, 0.9195402298850575, 0.9397590361445783, 0.875, 0.9285714285714286, 0.9178082191780822, 0.96875, 0.9125, 0.9264705882352942, 1.0], "specificity": [0.5, 0.65, 0.75, 0.45, 0.7, 0.7, 0.85, 0.65, 0.75, 1.0], "NPV": [0.18867924528301888, 0.21311475409836064, 0.23076923076923078, 0.15, 0.21875, 0.18666666666666668, 0.3269230769230769, 0.19117647058823528, 0.1875, 0.16], "F1_score": [0.7623318385650224, 0.7441860465116279, 0.7393364928909952, 0.7129629629629629, 0.7358490566037736, 0.6666666666666666, 0.8303571428571429, 0.7019230769230769, 0.6428571428571428, 0.304635761589404], "AUC": [0.611328125, 0.64375, 0.723046875, 0.566796875, 0.6906249999999999, 0.632421875, 0.834375, 0.6277343750000001, 0.6585937500000001, 0.60859375]}