{"accuracy": [0.6486486486486487, 0.6283783783783784, 0.6621621621621622, 0.5675675675675675, 0.6554054054054054, 0.6351351351351351, 0.6351351351351351, 0.6554054054054054, 0.6959459459459459, 0.5945945945945946], "balanced_accuracy": [0.7546875, 0.6796875, 0.6359375, 0.64453125, 0.75859375, 0.55703125, 0.7890625, 0.71640625, 0.65546875, 0.61796875], "recall": [0.609375, 0.609375, 0.671875, 0.5390625, 0.6171875, 0.6640625, 0.578125, 0.6328125, 0.7109375, 0.5859375], "precision": [0.975, 0.9397590361445783, 0.9148936170212766, 0.9324324324324325, 0.9753086419753086, 0.8854166666666666, 1.0, 0.9529411764705882, 0.9191919191919192, 0.9146341463414634], "specificity": [0.9, 0.75, 0.6, 0.75, 0.9, 0.45, 1.0, 0.8, 0.6, 0.65], "NPV": [0.2647058823529412, 0.23076923076923078, 0.2222222222222222, 0.20270270270270271, 0.26865671641791045, 0.17307692307692307, 0.2702702702702703, 0.25396825396825395, 0.24489795918367346, 0.19696969696969696], "F1_score": [0.7499999999999999, 0.7393364928909952, 0.7747747747747749, 0.6831683168316832, 0.7559808612440192, 0.7589285714285714, 0.7326732673267327, 0.7605633802816901, 0.8017621145374451, 0.7142857142857143], "AUC": [0.774609375, 0.7738281250000001, 0.7093750000000001, 0.702734375, 0.7999999999999999, 0.62734375, 0.8652343750000001, 0.8128906250000001, 0.74765625, 0.7242187500000001]}