{"accuracy": [[0.6, 0.56, 0.72, 0.72, 0.78], [0.66, 0.65, 0.64, 0.7, 0.71], [0.6866666666666666, 0.6466666666666666, 0.6666666666666666, 0.6466666666666666, 0.6333333333333333], [0.72, 0.69, 0.67, 0.645, 0.675]], "balanced_accuracy": [[0.6000000000000001, 0.56, 0.72, 0.72, 0.78], [0.6599999999999999, 0.6499999999999999, 0.64, 0.7, 0.71], [0.6866666666666666, 0.6466666666666667, 0.6666666666666666, 0.6466666666666667, 0.6333333333333333], [0.72, 0.69, 0.6699999999999999, 0.645, 0.675]], "recall": [[0.64, 0.56, 0.76, 0.64, 0.8], [0.7, 0.7, 0.64, 0.64, 0.72], [0.6666666666666666, 0.5866666666666667, 0.6, 0.7066666666666667, 0.7066666666666667], [0.71, 0.65, 0.72, 0.71, 0.68]], "precision": [[0.5925925925925926, 0.56, 0.7037037037037037, 0.7619047619047619, 0.7692307692307693], [0.6481481481481481, 0.6363636363636364, 0.64, 0.7272727272727273, 0.7058823529411765], [0.6944444444444444, 0.6666666666666666, 0.6923076923076923, 0.6309523809523809, 0.6162790697674418], [0.7244897959183674, 0.7065217391304348, 0.6545454545454545, 0.6283185840707964, 0.6732673267326733]], "specificity": [[0.56, 0.56, 0.68, 0.8, 0.76], [0.62, 0.6, 0.64, 0.76, 0.7], [0.7066666666666667, 0.7066666666666667, 0.7333333333333333, 0.5866666666666667, 0.56], [0.73, 0.73, 0.62, 0.58, 0.67]], "NPV": [[0.6086956521739131, 0.56, 0.7391304347826086, 0.6896551724137931, 0.7916666666666666], [0.6739130434782609, 0.6666666666666666, 0.64, 0.6785714285714286, 0.7142857142857143], [0.6794871794871795, 0.6309523809523809, 0.6470588235294118, 0.6666666666666666, 0.65625], [0.7156862745098039, 0.6759259259259259, 0.6888888888888889, 0.6666666666666666, 0.6767676767676768]], "F1_score": [[0.6153846153846153, 0.56, 0.7307692307692308, 0.6956521739130435, 0.7843137254901961], [0.673076923076923, 0.6666666666666666, 0.64, 0.6808510638297872, 0.712871287128713], [0.6802721088435373, 0.6241134751773049, 0.6428571428571429, 0.6666666666666667, 0.6583850931677019], [0.7171717171717172, 0.6770833333333333, 0.6857142857142857, 0.6666666666666667, 0.6766169154228856]], "AUC": [[0.6928000000000001, 0.6816, 0.7744000000000001, 0.7696, 0.832], [0.6852, 0.7224, 0.704, 0.7243999999999999, 0.7676000000000001], [0.7294222222222223, 0.7262222222222222, 0.7171555555555555, 0.7096888888888889, 0.699911111111111], [0.7633, 0.7297, 0.7099, 0.6858, 0.6809999999999999]]}