{"accuracy": [[0.6, 0.66, 0.6, 0.74, 0.6], [0.64, 0.71, 0.63, 0.62, 0.69], [0.7, 0.6866666666666666, 0.6866666666666666, 0.6666666666666666, 0.64], [0.685, 0.64, 0.7, 0.695, 0.69]], "balanced_accuracy": [[0.6000000000000001, 0.66, 0.6000000000000001, 0.74, 0.6000000000000001], [0.64, 0.71, 0.63, 0.62, 0.69], [0.7, 0.6866666666666668, 0.6866666666666668, 0.6666666666666667, 0.6399999999999999], [0.685, 0.64, 0.7, 0.6950000000000001, 0.69]], "recall": [[0.56, 0.68, 0.52, 0.8, 0.68], [0.68, 0.74, 0.78, 0.6, 0.64], [0.7066666666666667, 0.7466666666666667, 0.68, 0.68, 0.6666666666666666], [0.69, 0.66, 0.73, 0.74, 0.74]], "precision": [[0.6086956521739131, 0.6538461538461539, 0.6190476190476191, 0.7142857142857143, 0.5862068965517241], [0.6296296296296297, 0.6981132075471698, 0.6, 0.625, 0.7111111111111111], [0.6973684210526315, 0.6666666666666666, 0.6891891891891891, 0.6623376623376623, 0.6329113924050633], [0.6831683168316832, 0.6346153846153846, 0.6886792452830188, 0.6788990825688074, 0.6727272727272727]], "specificity": [[0.64, 0.64, 0.68, 0.68, 0.52], [0.6, 0.68, 0.48, 0.64, 0.74], [0.6933333333333334, 0.6266666666666667, 0.6933333333333334, 0.6533333333333333, 0.6133333333333333], [0.68, 0.62, 0.67, 0.65, 0.64]], "NPV": [[0.5925925925925926, 0.6666666666666666, 0.5862068965517241, 0.7727272727272727, 0.6190476190476191], [0.6521739130434783, 0.723404255319149, 0.6857142857142857, 0.6153846153846154, 0.6727272727272727], [0.7027027027027027, 0.7121212121212122, 0.6842105263157895, 0.6712328767123288, 0.647887323943662], [0.6868686868686869, 0.6458333333333334, 0.7127659574468085, 0.7142857142857143, 0.7111111111111111]], "F1_score": [[0.5833333333333334, 0.6666666666666666, 0.5652173913043478, 0.7547169811320756, 0.6296296296296295], [0.6538461538461539, 0.7184466019417476, 0.6782608695652174, 0.6122448979591836, 0.6736842105263158], [0.7019867549668874, 0.7044025157232704, 0.6845637583892618, 0.6710526315789473, 0.6493506493506493], [0.6865671641791044, 0.6470588235294118, 0.7087378640776699, 0.7081339712918661, 0.7047619047619048]], "AUC": [[0.6112, 0.7296, 0.5983999999999999, 0.8368, 0.6232], [0.7128, 0.7504, 0.7038, 0.682, 0.7508], [0.7278222222222223, 0.7308444444444444, 0.7454222222222222, 0.7130666666666666, 0.7025777777777777], [0.7044, 0.7004, 0.7529000000000001, 0.7293000000000001, 0.7285000000000001]]}