{"accuracy": [[0.76, 0.74, 0.78, 0.78, 0.72], [0.74, 0.79, 0.71, 0.73, 0.76], [0.74, 0.7266666666666667, 0.7466666666666667, 0.7333333333333333, 0.7333333333333333], [0.735, 0.73, 0.74, 0.715, 0.735]], "balanced_accuracy": [[0.76, 0.74, 0.78, 0.78, 0.72], [0.74, 0.79, 0.71, 0.73, 0.76], [0.74, 0.7266666666666667, 0.7466666666666666, 0.7333333333333334, 0.7333333333333334], [0.735, 0.73, 0.74, 0.7150000000000001, 0.735]], "recall": [[0.72, 0.72, 0.8, 0.88, 0.76], [0.7, 0.7, 0.8, 0.8, 0.82], [0.6533333333333333, 0.8133333333333334, 0.7333333333333333, 0.8133333333333334, 0.6933333333333334], [0.71, 0.82, 0.82, 0.63, 0.77]], "precision": [[0.782608695652174, 0.75, 0.7692307692307693, 0.7333333333333333, 0.7037037037037037], [0.7608695652173914, 0.8536585365853658, 0.6779661016949152, 0.7017543859649122, 0.7321428571428571], [0.7903225806451613, 0.6931818181818182, 0.7534246575342466, 0.7011494252873564, 0.7536231884057971], [0.7473684210526316, 0.6949152542372882, 0.7068965517241379, 0.7590361445783133, 0.719626168224299]], "specificity": [[0.8, 0.76, 0.76, 0.68, 0.68], [0.78, 0.88, 0.62, 0.66, 0.7], [0.8266666666666667, 0.64, 0.76, 0.6533333333333333, 0.7733333333333333], [0.76, 0.64, 0.66, 0.8, 0.7]], "NPV": [[0.7407407407407407, 0.7307692307692307, 0.7916666666666666, 0.85, 0.7391304347826086], [0.7222222222222222, 0.7457627118644068, 0.7560975609756098, 0.7674418604651163, 0.7954545454545454], [0.7045454545454546, 0.7741935483870968, 0.7402597402597403, 0.7777777777777778, 0.7160493827160493], [0.7238095238095238, 0.7804878048780488, 0.7857142857142857, 0.6837606837606838, 0.7526881720430108]], "F1_score": [[0.7499999999999999, 0.7346938775510204, 0.7843137254901961, 0.8, 0.7307692307692308], [0.7291666666666667, 0.7692307692307692, 0.7339449541284404, 0.7476635514018691, 0.7735849056603773], [0.7153284671532847, 0.7484662576687117, 0.7432432432432433, 0.7530864197530864, 0.7222222222222223], [0.7282051282051281, 0.7522935779816514, 0.7592592592592593, 0.6885245901639344, 0.7439613526570048]], "AUC": [[0.7184, 0.768, 0.7824, 0.832, 0.7328], [0.7504, 0.81, 0.7508, 0.7428, 0.804], [0.7767111111111111, 0.7774222222222222, 0.773688888888889, 0.7939555555555556, 0.7706666666666666], [0.7872000000000001, 0.7458, 0.804, 0.7637, 0.7491]]}