{"accuracy": [[0.78, 0.68, 0.76, 0.78, 0.84], [0.71, 0.77, 0.67, 0.72, 0.77], [0.7066666666666667, 0.7, 0.74, 0.6866666666666666, 0.7066666666666667], [0.72, 0.705, 0.7, 0.675, 0.68]], "balanced_accuracy": [[0.78, 0.68, 0.76, 0.78, 0.84], [0.71, 0.77, 0.6699999999999999, 0.72, 0.77], [0.7066666666666667, 0.7, 0.74, 0.6866666666666666, 0.7066666666666667], [0.72, 0.705, 0.7, 0.675, 0.68]], "recall": [[0.84, 0.68, 0.84, 0.84, 0.96], [0.78, 0.84, 0.76, 0.78, 0.76], [0.76, 0.76, 0.7466666666666667, 0.6, 0.8133333333333334], [0.78, 0.72, 0.68, 0.63, 0.68]], "precision": [[0.75, 0.68, 0.7241379310344828, 0.75, 0.7741935483870968], [0.6842105263157895, 0.7368421052631579, 0.6440677966101694, 0.6964285714285714, 0.7755102040816326], [0.6867469879518072, 0.6785714285714286, 0.7368421052631579, 0.7258064516129032, 0.6703296703296703], [0.6964285714285714, 0.6990291262135923, 0.7083333333333334, 0.6923076923076923, 0.68]], "specificity": [[0.72, 0.68, 0.68, 0.72, 0.72], [0.64, 0.7, 0.58, 0.66, 0.78], [0.6533333333333333, 0.64, 0.7333333333333333, 0.7733333333333333, 0.6], [0.66, 0.69, 0.72, 0.72, 0.68]], "NPV": [[0.8181818181818182, 0.68, 0.8095238095238095, 0.8181818181818182, 0.9473684210526315], [0.7441860465116279, 0.813953488372093, 0.7073170731707317, 0.75, 0.7647058823529411], [0.7313432835820896, 0.7272727272727273, 0.7432432432432432, 0.6590909090909091, 0.7627118644067796], [0.75, 0.711340206185567, 0.6923076923076923, 0.6605504587155964, 0.68]], "F1_score": [[0.7924528301886793, 0.68, 0.7777777777777777, 0.7924528301886793, 0.8571428571428571], [0.7289719626168225, 0.7850467289719626, 0.6972477064220184, 0.7358490566037736, 0.7676767676767676], [0.7215189873417722, 0.7169811320754718, 0.7417218543046358, 0.6569343065693432, 0.7349397590361445], [0.7358490566037736, 0.7093596059113302, 0.6938775510204083, 0.6596858638743456, 0.68]], "AUC": [[0.7536, 0.7024, 0.7904, 0.7888, 0.8624], [0.7192000000000001, 0.7972, 0.7100000000000001, 0.7363999999999999, 0.7792], [0.7422222222222222, 0.738311111111111, 0.7283555555555556, 0.7009777777777778, 0.7146666666666667], [0.7593000000000001, 0.7189, 0.7057, 0.7344, 0.7112]]}