{"accuracy": [[0.8, 0.68, 0.74, 0.78, 0.82], [0.72, 0.75, 0.67, 0.74, 0.75], [0.7, 0.7333333333333333, 0.7333333333333333, 0.6933333333333334, 0.7066666666666667], [0.73, 0.695, 0.715, 0.675, 0.7]], "balanced_accuracy": [[0.8, 0.6799999999999999, 0.74, 0.78, 0.8200000000000001], [0.72, 0.75, 0.67, 0.74, 0.75], [0.7, 0.7333333333333334, 0.7333333333333334, 0.6933333333333334, 0.7066666666666667], [0.73, 0.6950000000000001, 0.715, 0.675, 0.7]], "recall": [[0.84, 0.72, 0.88, 0.76, 0.8], [0.76, 0.8, 0.56, 0.66, 0.68], [0.76, 0.68, 0.8, 0.6, 0.8666666666666667], [0.69, 0.6, 0.71, 0.88, 0.69]], "precision": [[0.7777777777777778, 0.6666666666666666, 0.6875, 0.7916666666666666, 0.8333333333333334], [0.7037037037037037, 0.7272727272727273, 0.717948717948718, 0.7857142857142857, 0.7906976744186046], [0.6785714285714286, 0.7611940298507462, 0.7058823529411765, 0.7377049180327869, 0.6565656565656566], [0.75, 0.7407407407407407, 0.7171717171717171, 0.624113475177305, 0.7040816326530612]], "specificity": [[0.76, 0.64, 0.6, 0.8, 0.84], [0.68, 0.7, 0.78, 0.82, 0.82], [0.64, 0.7866666666666666, 0.6666666666666666, 0.7866666666666666, 0.5466666666666666], [0.77, 0.79, 0.72, 0.47, 0.71]], "NPV": [[0.8260869565217391, 0.6956521739130435, 0.8333333333333334, 0.7692307692307693, 0.8076923076923077], [0.7391304347826086, 0.7777777777777778, 0.639344262295082, 0.7068965517241379, 0.7192982456140351], [0.7272727272727273, 0.7108433734939759, 0.7692307692307693, 0.6629213483146067, 0.803921568627451], [0.7129629629629629, 0.6638655462184874, 0.7128712871287128, 0.7966101694915254, 0.696078431372549]], "F1_score": [[0.8076923076923077, 0.6923076923076923, 0.7719298245614036, 0.7755102040816326, 0.816326530612245], [0.7307692307692308, 0.761904761904762, 0.6292134831460674, 0.717391304347826, 0.7311827956989247], [0.7169811320754718, 0.7183098591549296, 0.7500000000000001, 0.6617647058823529, 0.7471264367816093], [0.71875, 0.6629834254143647, 0.7135678391959798, 0.7302904564315353, 0.6969696969696969]], "AUC": [[0.7584, 0.6880000000000001, 0.7999999999999999, 0.8335999999999999, 0.8655999999999999], [0.7212, 0.8008, 0.7088000000000001, 0.7452000000000001, 0.7672], [0.7397333333333334, 0.7333333333333334, 0.7432888888888889, 0.7052444444444445, 0.7095111111111112], [0.7232999999999999, 0.714, 0.7256, 0.7329, 0.6781]]}