{"accuracy": [[0.78, 0.74, 0.76, 0.82, 0.84], [0.73, 0.76, 0.68, 0.72, 0.75], [0.7066666666666667, 0.6933333333333334, 0.7266666666666667, 0.6866666666666666, 0.68], [0.72, 0.7, 0.685, 0.685, 0.67]], "balanced_accuracy": [[0.78, 0.74, 0.76, 0.8200000000000001, 0.8400000000000001], [0.73, 0.76, 0.68, 0.72, 0.75], [0.7066666666666667, 0.6933333333333334, 0.7266666666666667, 0.6866666666666666, 0.6799999999999999], [0.72, 0.7, 0.685, 0.685, 0.67]], "recall": [[0.84, 0.72, 0.64, 0.8, 0.92], [0.78, 0.82, 0.68, 0.74, 0.74], [0.7733333333333333, 0.7466666666666667, 0.76, 0.6, 0.64], [0.74, 0.76, 0.75, 0.62, 0.78]], "precision": [[0.75, 0.75, 0.8421052631578947, 0.8333333333333334, 0.7931034482758621], [0.7090909090909091, 0.7321428571428571, 0.68, 0.7115384615384616, 0.7551020408163265], [0.6823529411764706, 0.6746987951807228, 0.7125, 0.7258064516129032, 0.6956521739130435], [0.7115384615384616, 0.6785714285714286, 0.6637168141592921, 0.7126436781609196, 0.639344262295082]], "specificity": [[0.72, 0.76, 0.88, 0.84, 0.76], [0.68, 0.7, 0.68, 0.7, 0.76], [0.64, 0.64, 0.6933333333333334, 0.7733333333333333, 0.72], [0.7, 0.64, 0.62, 0.75, 0.56]], "NPV": [[0.8181818181818182, 0.7307692307692307, 0.7096774193548387, 0.8076923076923077, 0.9047619047619048], [0.7555555555555555, 0.7954545454545454, 0.68, 0.7291666666666666, 0.7450980392156863], [0.7384615384615385, 0.7164179104477612, 0.7428571428571429, 0.6590909090909091, 0.6666666666666666], [0.7291666666666666, 0.7272727272727273, 0.7126436781609196, 0.6637168141592921, 0.717948717948718]], "F1_score": [[0.7924528301886793, 0.7346938775510204, 0.7272727272727272, 0.816326530612245, 0.851851851851852], [0.7428571428571428, 0.7735849056603773, 0.68, 0.7254901960784313, 0.7474747474747474], [0.725, 0.708860759493671, 0.7354838709677418, 0.6569343065693432, 0.6666666666666666], [0.7254901960784313, 0.7169811320754718, 0.7042253521126761, 0.6631016042780749, 0.7027027027027027]], "AUC": [[0.7535999999999999, 0.688, 0.8128, 0.808, 0.8448], [0.7220000000000001, 0.8028000000000001, 0.7108, 0.7296, 0.7864], [0.7397333333333332, 0.7393777777777779, 0.7374222222222222, 0.7077333333333334, 0.7297777777777776], [0.7618, 0.7209000000000001, 0.7169000000000001, 0.7304, 0.7089]]}