{"accuracy": [0.6081081081081081, 0.6959459459459459, 0.6891891891891891, 0.7364864864864865, 0.6554054054054054, 0.7364864864864865, 0.6756756756756757, 0.6824324324324325, 0.722972972972973, 0.75], "balanced_accuracy": [0.75234375, 0.73984375, 0.7359375, 0.76328125, 0.7375, 0.7, 0.8125, 0.753125, 0.75546875, 0.75], "recall": [0.5546875, 0.6796875, 0.671875, 0.7265625, 0.625, 0.75, 0.625, 0.65625, 0.7109375, 0.75], "precision": [0.9861111111111112, 0.9560439560439561, 0.9555555555555556, 0.9587628865979382, 0.963855421686747, 0.9320388349514563, 1.0, 0.9655172413793104, 0.9578947368421052, 0.9504950495049505], "specificity": [0.95, 0.8, 0.8, 0.8, 0.85, 0.65, 1.0, 0.85, 0.8, 0.75], "NPV": [0.25, 0.2807017543859649, 0.27586206896551724, 0.3137254901960784, 0.26153846153846155, 0.28888888888888886, 0.29411764705882354, 0.2786885245901639, 0.3018867924528302, 0.3191489361702128], "F1_score": [0.71, 0.7945205479452054, 0.7889908256880733, 0.8266666666666665, 0.7582938388625592, 0.8311688311688312, 0.7692307692307693, 0.7813953488372093, 0.8161434977578476, 0.8384279475982532], "AUC": [0.7996093750000001, 0.711328125, 0.7001953125, 0.78046875, 0.783203125, 0.675, 0.798828125, 0.78359375, 0.766015625, 0.7599609374999999]}