{"accuracy": [[0.74, 0.74, 0.82, 0.84, 0.74], [0.74, 0.78, 0.73, 0.73, 0.76], [0.7466666666666667, 0.7333333333333333, 0.7466666666666667, 0.7333333333333333, 0.76], [0.745, 0.72, 0.74, 0.745, 0.73]], "balanced_accuracy": [[0.74, 0.74, 0.8200000000000001, 0.8400000000000001, 0.74], [0.74, 0.78, 0.73, 0.73, 0.76], [0.7466666666666667, 0.7333333333333334, 0.7466666666666666, 0.7333333333333334, 0.76], [0.745, 0.72, 0.74, 0.745, 0.73]], "recall": [[0.68, 0.72, 0.88, 0.92, 0.84], [0.7, 0.76, 0.82, 0.72, 0.8], [0.7466666666666667, 0.8, 0.7333333333333333, 0.8, 0.64], [0.76, 0.76, 0.81, 0.72, 0.77]], "precision": [[0.7727272727272727, 0.75, 0.7857142857142857, 0.7931034482758621, 0.7], [0.7608695652173914, 0.7916666666666666, 0.6949152542372882, 0.7346938775510204, 0.7407407407407407], [0.7466666666666667, 0.7058823529411765, 0.7534246575342466, 0.7058823529411765, 0.8421052631578947], [0.7378640776699029, 0.7037037037037037, 0.7105263157894737, 0.7578947368421053, 0.7129629629629629]], "specificity": [[0.8, 0.76, 0.76, 0.76, 0.64], [0.78, 0.8, 0.64, 0.74, 0.72], [0.7466666666666667, 0.6666666666666666, 0.76, 0.6666666666666666, 0.88], [0.73, 0.68, 0.67, 0.77, 0.69]], "NPV": [[0.7142857142857143, 0.7307692307692307, 0.8636363636363636, 0.9047619047619048, 0.8], [0.7222222222222222, 0.7692307692307693, 0.7804878048780488, 0.7254901960784313, 0.782608695652174], [0.7466666666666667, 0.7692307692307693, 0.7402597402597403, 0.7692307692307693, 0.7096774193548387], [0.7525773195876289, 0.7391304347826086, 0.7790697674418605, 0.7333333333333333, 0.75]], "F1_score": [[0.7234042553191491, 0.7346938775510204, 0.830188679245283, 0.851851851851852, 0.7636363636363636], [0.7291666666666667, 0.7755102040816326, 0.7522935779816514, 0.7272727272727272, 0.7692307692307692], [0.7466666666666667, 0.7500000000000001, 0.7432432432432433, 0.7500000000000001, 0.7272727272727272], [0.7487684729064039, 0.7307692307692308, 0.7570093457943925, 0.7384615384615385, 0.7403846153846153]], "AUC": [[0.7264, 0.7664000000000001, 0.8512, 0.8432, 0.7424], [0.7432000000000001, 0.8188, 0.73, 0.7495999999999999, 0.8016], [0.7870222222222222, 0.7793777777777778, 0.7712000000000001, 0.7923555555555556, 0.7768888888888889], [0.7968999999999999, 0.7542000000000001, 0.8009999999999999, 0.7565999999999999, 0.7633]]}