{"accuracy": [0.7162162162162162, 0.8108108108108109, 0.7702702702702703, 0.722972972972973, 0.777027027027027, 0.7972972972972973, 0.7027027027027027, 0.6216216216216216, 0.7027027027027027, 0.777027027027027], "balanced_accuracy": [0.77265625, 0.74296875, 0.740625, 0.734375, 0.78671875, 0.7140625, 0.80703125, 0.7390625, 0.76484375, 0.78671875], "recall": [0.6953125, 0.8359375, 0.78125, 0.71875, 0.7734375, 0.828125, 0.6640625, 0.578125, 0.6796875, 0.7734375], "precision": [0.967391304347826, 0.9385964912280702, 0.9433962264150944, 0.9484536082474226, 0.9611650485436893, 0.9298245614035088, 0.9883720930232558, 0.9736842105263158, 0.9666666666666667, 0.9611650485436893], "specificity": [0.85, 0.65, 0.7, 0.75, 0.8, 0.6, 0.95, 0.9, 0.85, 0.8], "NPV": [0.30357142857142855, 0.38235294117647056, 0.3333333333333333, 0.29411764705882354, 0.35555555555555557, 0.35294117647058826, 0.3064516129032258, 0.25, 0.29310344827586204, 0.35555555555555557], "F1_score": [0.809090909090909, 0.884297520661157, 0.8547008547008547, 0.8177777777777778, 0.8571428571428572, 0.8760330578512396, 0.794392523364486, 0.7254901960784313, 0.7981651376146788, 0.8571428571428572], "AUC": [0.818359375, 0.751953125, 0.744140625, 0.740234375, 0.813671875, 0.74140625, 0.826171875, 0.7683593750000001, 0.793359375, 0.801953125]}