{"accuracy": [[0.74, 0.78, 0.78, 0.78, 0.74], [0.74, 0.75, 0.72, 0.73, 0.76], [0.7333333333333333, 0.7333333333333333, 0.74, 0.7266666666666667, 0.76], [0.74, 0.725, 0.74, 0.715, 0.73]], "balanced_accuracy": [[0.74, 0.78, 0.78, 0.78, 0.74], [0.74, 0.75, 0.72, 0.73, 0.76], [0.7333333333333334, 0.7333333333333334, 0.74, 0.7266666666666667, 0.76], [0.74, 0.7250000000000001, 0.74, 0.7150000000000001, 0.73]], "recall": [[0.68, 0.76, 0.8, 0.88, 0.84], [0.7, 0.76, 0.8, 0.84, 0.82], [0.6933333333333334, 0.8133333333333334, 0.7733333333333333, 0.8266666666666667, 0.76], [0.73, 0.77, 0.82, 0.64, 0.74]], "precision": [[0.7727272727272727, 0.7916666666666666, 0.7692307692307693, 0.7333333333333333, 0.7], [0.7608695652173914, 0.7450980392156863, 0.6896551724137931, 0.6885245901639344, 0.7321428571428571], [0.7536231884057971, 0.7011494252873564, 0.725, 0.6888888888888889, 0.76], [0.7448979591836735, 0.7064220183486238, 0.7068965517241379, 0.7529411764705882, 0.7254901960784313]], "specificity": [[0.8, 0.8, 0.76, 0.68, 0.64], [0.78, 0.74, 0.64, 0.62, 0.7], [0.7733333333333333, 0.6533333333333333, 0.7066666666666667, 0.6266666666666667, 0.76], [0.75, 0.68, 0.66, 0.79, 0.72]], "NPV": [[0.7142857142857143, 0.7692307692307693, 0.7916666666666666, 0.85, 0.8], [0.7222222222222222, 0.7551020408163265, 0.7619047619047619, 0.7948717948717948, 0.7954545454545454], [0.7160493827160493, 0.7777777777777778, 0.7571428571428571, 0.7833333333333333, 0.76], [0.7352941176470589, 0.7472527472527473, 0.7857142857142857, 0.6869565217391305, 0.7346938775510204]], "F1_score": [[0.7234042553191491, 0.7755102040816326, 0.7843137254901961, 0.8, 0.7636363636363636], [0.7291666666666667, 0.7524752475247525, 0.7407407407407408, 0.7567567567567568, 0.7735849056603773], [0.7222222222222223, 0.7530864197530864, 0.7483870967741936, 0.7515151515151515, 0.76], [0.7373737373737373, 0.7368421052631579, 0.7592592592592593, 0.6918918918918918, 0.7326732673267328]], "AUC": [[0.7215999999999999, 0.7584, 0.8592000000000001, 0.8303999999999999, 0.736], [0.7436, 0.8272, 0.7448, 0.7564000000000001, 0.8004], [0.7607111111111111, 0.7774222222222222, 0.7665777777777778, 0.7904000000000001, 0.7672888888888889], [0.7914, 0.7577, 0.7979999999999999, 0.7643000000000001, 0.7606]]}