{"accuracy": [0.6351351351351351, 0.75, 0.6756756756756757, 0.6418918918918919, 0.6891891891891891, 0.75, 0.6891891891891891, 0.6824324324324325, 0.6824324324324325, 0.75], "balanced_accuracy": [0.7890625, 0.75, 0.74921875, 0.70859375, 0.778125, 0.7078125, 0.79921875, 0.73203125, 0.77421875, 0.7078125], "recall": [0.578125, 0.75, 0.6484375, 0.6171875, 0.65625, 0.765625, 0.6484375, 0.6640625, 0.6484375, 0.765625], "precision": [1.0, 0.9504950495049505, 0.9651162790697675, 0.9518072289156626, 0.9767441860465116, 0.9333333333333333, 0.9880952380952381, 0.9550561797752809, 0.9764705882352941, 0.9333333333333333], "specificity": [1.0, 0.75, 0.85, 0.8, 0.9, 0.65, 0.95, 0.8, 0.9, 0.65], "NPV": [0.2702702702702703, 0.3191489361702128, 0.27419354838709675, 0.24615384615384617, 0.2903225806451613, 0.3023255813953488, 0.296875, 0.2711864406779661, 0.2857142857142857, 0.3023255813953488], "F1_score": [0.7326732673267327, 0.8384279475982532, 0.7757009345794393, 0.7488151658767773, 0.7850467289719625, 0.8412017167381974, 0.7830188679245282, 0.783410138248848, 0.7793427230046948, 0.8412017167381974], "AUC": [0.79609375, 0.7601562500000001, 0.6929687499999999, 0.7117187500000001, 0.8011718750000001, 0.72578125, 0.829296875, 0.753515625, 0.790234375, 0.7511718749999999]}