{"accuracy": [0.7094594594594594, 0.6891891891891891, 0.7094594594594594, 0.6959459459459459, 0.8445945945945946, 0.6959459459459459, 0.722972972972973, 0.7635135135135135, 0.7094594594594594, 0.7635135135135135], "balanced_accuracy": [0.76875, 0.778125, 0.74765625, 0.73984375, 0.78359375, 0.69765625, 0.81875, 0.77890625, 0.78984375, 0.715625], "recall": [0.6875, 0.65625, 0.6953125, 0.6796875, 0.8671875, 0.6953125, 0.6875, 0.7578125, 0.6796875, 0.78125], "precision": [0.967032967032967, 0.9767441860465116, 0.956989247311828, 0.9560439560439561, 0.9487179487179487, 0.9368421052631579, 0.9887640449438202, 0.9603960396039604, 0.9775280898876404, 0.9345794392523364], "specificity": [0.85, 0.9, 0.8, 0.8, 0.7, 0.7, 0.95, 0.8, 0.9, 0.65], "NPV": [0.2982456140350877, 0.2903225806451613, 0.2909090909090909, 0.2807017543859649, 0.45161290322580644, 0.2641509433962264, 0.3220338983050847, 0.3404255319148936, 0.3050847457627119, 0.3170731707317073], "F1_score": [0.8036529680365296, 0.7850467289719625, 0.8054298642533937, 0.7945205479452054, 0.9061224489795918, 0.7982062780269058, 0.8110599078341014, 0.8471615720524017, 0.8018433179723502, 0.851063829787234], "AUC": [0.7984375, 0.837109375, 0.7736328124999999, 0.736328125, 0.805859375, 0.736328125, 0.811328125, 0.781640625, 0.7433593749999999, 0.754296875]}