{"accuracy": [0.7027027027027027, 0.6418918918918919, 0.722972972972973, 0.6621621621621622, 0.7567567567567568, 0.7364864864864865, 0.7567567567567568, 0.7094594594594594, 0.7162162162162162, 0.6081081081081081], "balanced_accuracy": [0.80703125, 0.7296875, 0.75546875, 0.69921875, 0.775, 0.7, 0.83828125, 0.74765625, 0.73046875, 0.71015625], "recall": [0.6640625, 0.609375, 0.7109375, 0.6484375, 0.75, 0.75, 0.7265625, 0.6953125, 0.7109375, 0.5703125], "precision": [0.9883720930232558, 0.9629629629629629, 0.9578947368421052, 0.9431818181818182, 0.96, 0.9320388349514563, 0.9893617021276596, 0.956989247311828, 0.9479166666666666, 0.9605263157894737], "specificity": [0.95, 0.85, 0.8, 0.75, 0.8, 0.65, 0.95, 0.8, 0.75, 0.85], "NPV": [0.3064516129032258, 0.2537313432835821, 0.3018867924528302, 0.25, 0.3333333333333333, 0.28888888888888886, 0.35185185185185186, 0.2909090909090909, 0.28846153846153844, 0.2361111111111111], "F1_score": [0.794392523364486, 0.7464114832535885, 0.8161434977578476, 0.7685185185185184, 0.8421052631578947, 0.8311688311688312, 0.8378378378378378, 0.8054298642533937, 0.8125, 0.7156862745098039], "AUC": [0.7972656250000001, 0.7654296875000001, 0.7578125, 0.7132812500000001, 0.796875, 0.748046875, 0.8437500000000001, 0.7300781249999999, 0.712890625, 0.691796875]}